job_posting,location,position_type,project_title,project_description,key_responsibilities,qualifications,application_process,university_name,job_id,createdAt,createdBy
sas,sasa,saassa,sa,saas,sasa,sasa,asasas,assasasa,,,
Research Assistant in Anthropology (Cultural Impacts of Globalization),"Department of Anthropology, [University Name], [City, State]","Full-Time, Contract (2 years)",Globalization and Its Effects on Indigenous Cultures,"The Department of Anthropology at [University Name] seeks a Research Assistant for a project exploring the effects of globalization on indigenous cultures. This research aims to document the changes in cultural practices, traditions, and languages among indigenous communities facing rapid economic and social transformations due to global influences.
The ideal candidate will conduct ethnographic fieldwork, participate in data collection and analysis, and help develop culturally sensitive approaches to studying these impacts. This role offers a unique opportunity to contribute to a deeper understanding of cultural preservation and change.
","•	- Conduct field research in various international locations.
•	- Gather qualitative data through interviews and participant observation.
•	- Analyze cultural data and identify patterns of change and continuity.
•	- Collaborate with local communities and researchers to ensure ethical research practices.
•	- Contribute to the preparation and publication of research findings.
","•	- Bachelor’s or Master’s degree in Anthropology, Cultural Studies, or related field.
•	- Experience with ethnographic research methods.
•	- Strong understanding of cultural dynamics and globalization.
•	- Excellent interpersonal and communication skills, especially in multicultural contexts.
•	- Willingness to travel and engage with diverse communities.
","Candidates should send their resume, a cover letter emphasizing their research interests and fieldwork experience, and the names of two references to [Hiring Manager's Email] by [Application Deadline].",[University Name] is an equal opportunity employer and strongly supports inclusive and diverse research environments.,1792e5d7-da59-4ac0-8285-197c0041df71,,
sa,sasa,sasa,sasa,sas,sasa,sasa,sasa,saass,69d7e95f-852b-4746-a03a-dcbef71f4c13,,
sa,sasa,sasa,sasa,sas,sasa,sasa,sasa,saass,69d7e95f-852b-4746-a03a-dcbef71f4c13,,
sas,assaas,sa,assa,sasa,ssa,ssa,ssa,assasa,12d8663d-5e70-4834-b39f-f8a7b481d5ae,,
ds,sdds,dsdsds,dsds,dsds,ddsd,dsds,sdsd,dsds,04eddb4e-8ee2-4ef7-a780-58af76ee2b69,,
sasas,ssaas,asas,sasaas,sa,ssa,ssa,ssas,saassa,4b739557-df52-4821-a0da-81b934c02338,,
dssddsd,dsds,dds,dsdsd,dsddds,dsds,dsdsds,dsdsd,dsds,696238d3-9b2d-443b-9832-9bf59367aed7,,
Research Assistant in Artificial Intelligence and Machine ,"Department of Computer Science, [University Name], [City, State]","Full-Time, Contract",Advancements in AI-driven Predictive Analytics,"The Department of Computer Science at [University Name] invites applications for a Research Assistant position in a cutting-edge project titled 'Advancements in AI-driven Predictive Analytics.' This project aims to develop innovative AI and machine learning models to enhance predictive analytics capabilities across various sectors, including healthcare, finance, and environmental science.
The selected candidate will be part of a vibrant team working on the forefront of AI research, focusing on the development and implementation of advanced algorithms and models that can predict outcomes with high accuracy. The role provides a significant opportunity to contribute to groundbreaking research that could shape the future of predictive analytics.
","•	- Participate in the design, development, and validation of advanced AI and machine learning models.
•	- Assist in data collection, preprocessing, and analysis to prepare datasets for training and testing.
•	- Implement models and algorithms using programming languages and tools such as Python, R, TensorFlow, and PyTorch.
•	- Conduct rigorous testing and validation of models to ensure accuracy and reliability.
•	- Collaborate with researchers and stakeholders to apply AI models to real-world problems and datasets.
•	- Document the research process, findings, and methodologies for publication in academic journals and presentations at conferences.
","•	- Bachelor’s or Master’s degree in Computer Science, Data Science, Artificial Intelligence, or a related field.
•	- Strong programming skills, particularly in Python or R.
•	- Experience with machine learning frameworks and libraries (e.g., TensorFlow, PyTorch, Scikit-learn).
•	- Solid understanding of data structures, algorithms, and statistical methods.
•	- Ability to work collaboratively in a team and communicate effectively.
•	- Keen interest in staying updated with the latest advancements in AI and machine learning.
","Interested individuals should submit their resume/CV, a cover letter detailing their interest and experience in AI and machine learning, and contact information for two references. Applications should be sent to [Hiring Manager's Email] by [Application Deadline].
[University Name] is dedicated to fostering a diverse and inclusive environment and is an equal opportunity employer. We encourage applications from all qualified candidates, without regard to their race, gender, age, or any other protected status.
",university,76b11919-f8e8-4fcf-9744-4fd55e7dd31b,,
TEST,TEST,TEST,TEST,TEST,TEST,TEST,TEST,TEST,d1526dc6-843f-42e6-9496-7847a14b4cbb,2024-04-19T12:53:24.108Z,hr@gmail.com
mklsdmlkms,nkjdsnkjds,d skjnkasd,lkdsnlkfdnmlkfd,nnkdjndflnfd,dnnlfdnmlkfdml,xnlknflfdmlkdf,jmndfkjndflfd," ,fnnfdkdfmlfdk",7c24112b-f7e7-4b67-a2e6-5132fe0c62b1,2024-04-19T13:05:46.684Z,hr@gmail.com
Research Assistant in Astronomy (Exoplanet Discovery),"Department of Astronomy, [University Name], [City, State]","Full-Time, Temporary (3 years)",Unveiling New Worlds: Exoplanet Discovery and Analysis,"The Department of Astronomy at [University Name] is seeking a Research Assistant to participate in a cutting-edge project focused on the discovery and analysis of exoplanets. This research aims to identify and characterize planets outside our solar system using advanced telescopic technologies and data analysis techniques.

The successful candidate will work with a team to operate telescopes, process astronomical data, and apply statistical methods to confirm exoplanet candidates. This role is ideal for candidates with a passion for astrophysics, stellar dynamics, and the exploration of new planetary systems.","Operate telescopes and other observational instruments to collect astronomical data.
Process and analyze data to identify potential exoplanet candidates.
Collaborate with astrophysicists to refine methods for exoplanet verification.
Publish research findings in scientific journals and present at international conferences.
Engage in public outreach to educate the community about exoplanet science.","Bachelor’s or Master’s degree in Astronomy, Astrophysics, or a related field.
Experience with astronomical data collection and analysis.
Proficiency in software tools for data processing, such as Python or MATLAB.
Strong analytical skills and attention to detail.
Excellent communication skills and the ability to work collaboratively in a research team.","Interested candidates should submit their resume, a cover letter detailing their experience and interest in exoplanet discovery, and references to [Hiring Manager's Email] by [Application Deadline].

[University Name] is committed to advancing space science and promoting diversity in the field of astronomy.

","[University Name] is committed to advancing space science and promoting diversity in the field of astronomy.

",38d4f0c7-c402-4a45-ac9a-423cac83a130,2024-04-19T18:27:44.050Z,shashwatphd@gmail.com
Social_Work_Mental_Health_Interventions_Research_Assistant_Job_Posting,USA NYC,FULL TIME,"d 'Impacts of Urbanization on Local Biodiversity.' This project aims to investigate the multifaceted effects of urban development on the biodiversity of local ecosystems, with a particular focus on understanding how urban expansion influences species diversity, population dynamics, and ecosystem services.
The successful candidate will have the unique opportunity to contribute to a vital area of environmental science, helping to generate insights that could inform sustainable urban planning and conservation strategies. The research will involve a blend of fieldwork, laboratory analysis, and data interpretation, offering a comprehensive experience in contemporary environmental research.",":
The Department of Environmental Science at [University Name] is seeking a dedicated and enthusiastic Research Assistant to join a dynamic research team focused on a groundbreaking",":
- Conduct fieldwork in various urban and peri-urban settings to collect data on flora, fauna, and environmental parameters.
- Assist in the development and maintenance of databases for storing and managing collected data.
- Participate in laboratory analyses, including but not limited to soil and water quality testing, biodiversity assessments, and genetic studies.
- Support the research team in data analysis using statistical software, and contribute to the interpretation of results.
- Collaborate with team members to prepare research findings for publication in scientific journals and presentations at conferences.
- Engage with stakeholders, including local communities and policymakers, to disseminate research findings and gather feedback.","for the project, a resume/CV, and contact information for two references. Applications should be sent to [Hiring Manager's Email] by [Application Deadline].
[University Name] is an equal opportunity employer committed to diversity and inclusion in the workplace. We welcome and encourage applications from all qualified individuals regardless of their race, color, religion, gender, sexual orientation, national origin, age, disability, or veteran status.","for the project, a resume/CV, and contact information for two references. Applications should be sent to [Hiring Manager's Email] by [Application Deadline].
[University Name] is an equal opportunity employer committed to diversity and inclusion in the workplace. We welcome and encourage applications from all qualified individuals regardless of their race, color, religion, gender, sexual orientation, national origin, age, disability, or veteran status.",university,69b5a455-10f6-4648-8313-97252d1f7777,2024-04-20T12:29:32.017Z,hr2@gmail.com
