Filename,Project Title,Project Description,Key Responsibilities,Qualifications
Research_Assistant_Job_Posting1.docx,"d 'Impacts of Urbanization on Local Biodiversity.' This project aims to investigate the multifaceted effects of urban development on the biodiversity of local ecosystems, with a particular focus on understanding how urban expansion influences species diversity, population dynamics, and ecosystem services.
The successful candidate will have the unique opportunity to contribute to a vital area of environmental science, helping to generate insights that could inform sustainable urban planning and conservation strategies. The research will involve a blend of fieldwork, laboratory analysis, and data interpretation, offering a comprehensive experience in contemporary environmental research.",":
The Department of Environmental Science at [University Name] is seeking a dedicated and enthusiastic Research Assistant to join a dynamic research team focused on a groundbreaking",":
- Conduct fieldwork in various urban and peri-urban settings to collect data on flora, fauna, and environmental parameters.
- Assist in the development and maintenance of databases for storing and managing collected data.
- Participate in laboratory analyses, including but not limited to soil and water quality testing, biodiversity assessments, and genetic studies.
- Support the research team in data analysis using statistical software, and contribute to the interpretation of results.
- Collaborate with team members to prepare research findings for publication in scientific journals and presentations at conferences.
- Engage with stakeholders, including local communities and policymakers, to disseminate research findings and gather feedback.","for the project, a resume/CV, and contact information for two references. Applications should be sent to [Hiring Manager's Email] by [Application Deadline].
[University Name] is an equal opportunity employer committed to diversity and inclusion in the workplace. We welcome and encourage applications from all qualified individuals regardless of their race, color, religion, gender, sexual orientation, national origin, age, disability, or veteran status."
Cognitive_Neuroscience_Research_Assistant_Job_Posting.docx,"d 'Neural Correlates of Language Acquisition in Adults.' This research initiative aims to explore the brain mechanisms involved in learning new languages in adulthood, utilizing a range of methodologies including functional MRI, EEG, and behavioral testing.
This role offers an exceptional opportunity for the successful candidate to engage in high-caliber neuroscience research, contributing to our understanding of cognitive flexibility and neuroplasticity in the adult brain. The project will provide valuable insights into the potential for lifelong learning and the optimization of language acquisition strategies.",":
The Department of Psychology at [University Name] is seeking an enthusiastic and detail-oriented Research Assistant for a pioneering",":
- Assist in designing and conducting experiments using neuroimaging techniques and behavioral assessments.
- Facilitate the collection and analysis of neuroimaging and psychometric data.
- Participate in the recruitment and screening of study participants.
- Engage in data management and preliminary data analysis, ensuring adherence to data integrity and confidentiality standards.
- Collaborate with the research team in the synthesis and dissemination of research findings, including drafting reports and research papers.
- Maintain research equipment and assist in managing the lab environment.",":
- Bachelor’s or Master’s degree in Psychology, Neuroscience, Cognitive Science, or a related field.
- Prior experience in a research setting, preferably involving neuroimaging or psycholinguistics.
- Familiarity with statistical analysis software and data analysis techniques.
- Strong organizational and communication skills, with the ability to work effectively in a team-oriented environment.
- Proficient in written and spoken English, with additional language skills considered a plus.
- Commitment to ethical research practices and a high level of personal integrity.
Application Process:
Candidates should submit a detailed CV, a cover letter expressing their interest and suitability for the position, and contact information for at least two professional references. Applications should be directed to [Hiring Manager's Email] by [Application Deadline].
[University Name] is committed to creating a diverse environment and is proud to be an equal opportunity employer. All qualified applicants will receive consideration for employment without regard to race, color, religion, gender, gender identity or expression, sexual orientation, national origin, genetics, disability, age, or veteran status."
AI_ML_Research_Assistant_Job_Posting.docx,"d 'Advancements in AI-driven Predictive Analytics.' This project aims to develop innovative AI and machine learning models to enhance predictive analytics capabilities across various sectors, including healthcare, finance, and environmental science.
The selected candidate will be part of a vibrant team working on the forefront of AI research, focusing on the development and implementation of advanced algorithms and models that can predict outcomes with high accuracy. The role provides a significant opportunity to contribute to groundbreaking research that could shape the future of predictive analytics.",":
The Department of Computer Science at [University Name] invites applications for a Research Assistant position in a cutting-edge",":
- Participate in the design, development, and validation of advanced AI and machine learning models.
- Assist in data collection, preprocessing, and analysis to prepare datasets for training and testing.
- Implement models and algorithms using programming languages and tools such as Python, R, TensorFlow, and PyTorch.
- Conduct rigorous testing and validation of models to ensure accuracy and reliability.
- Collaborate with researchers and stakeholders to apply AI models to real-world problems and datasets.
- Document the research process, findings, and methodologies for publication in academic journals and presentations at conferences.",":
- Bachelor’s or Master’s degree in Computer Science, Data Science, Artificial Intelligence, or a related field.
- Strong programming skills, particularly in Python or R.
- Experience with machine learning frameworks and libraries (e.g., TensorFlow, PyTorch, Scikit-learn).
- Solid understanding of data structures, algorithms, and statistical methods.
- Ability to work collaboratively in a team and communicate effectively.
- Keen interest in staying updated with the latest advancements in AI and machine learning.
Application Process:
Interested individuals should submit their resume/CV, a cover letter detailing their interest and experience in AI and machine learning, and contact information for two references. Applications should be sent to [Hiring Manager's Email] by [Application Deadline].
[University Name] is dedicated to fostering a diverse and inclusive environment and is an equal opportunity employer. We encourage applications from all qualified candidates, without regard to their race, gender, age, or any other protected status."
Economic_Development_Research_Assistant_Job_Posting.docx,":
Economic Impact of Renewable Energy Investments",":
The Department of Economics at [University Name] is seeking a motivated Research Assistant for an innovative project examining the economic impacts of renewable energy investments. This project aims to analyze the short-term and long-term economic benefits and challenges of transitioning to renewable energy sources, including job creation, regional economic development, and sustainability.
The successful candidate will play a key role in data collection, economic modeling, and analysis of renewable energy policies. This position is ideal for someone passionate about environmental economics and looking to impact policy and investment decisions in the energy sector.",":
- Collect and analyze data on renewable energy investments and economic outcomes across different regions.
- Assist in developing economic models to forecast the impacts of renewable energy policies.
- Participate in preparing detailed reports and policy briefs based on research findings.
- Collaborate with stakeholders including government agencies, non-profits, and academic institutions.
- Maintain up-to-date knowledge of economic trends and policy developments in the field of renewable energy.",":
- Bachelor’s or Master’s degree in Economics, Environmental Economics, or a related field.
- Experience with economic data analysis and modeling tools.
- Strong analytical skills and proficiency with statistical software (e.g., Stata, R).
- Excellent written and verbal communication skills.
- Ability to work both independently and as part of a collaborative team.
- Demonstrated interest in renewable energy and economic policy.
Application Process:
Candidates should send their CV, a cover letter detailing their interest in renewable energy economics, and contact information for three references to [Hiring Manager's Email] by [Application Deadline].
[University Name] is committed to diversity and equality in academia and encourages applications from all sectors of society."
Cultural_Anthropology_Research_Assistant_Job_Posting.docx,"d 'Digital Cultures and Identity in Modern Societies.' This project aims to explore how digital technologies are reshaping cultural practices, social interactions, and personal identities. The study will focus on various digital platforms and analyze how they influence cultural norms and individual behaviors in contemporary society.
This position is ideal for candidates who are passionate about cultural dynamics in the digital age and are looking to engage deeply with ethnographic research methods, including participant observation, interviews, and content analysis.",":
The Department of Anthropology at [University Name] is seeking a part-time Research Assistant for a",":
- Conduct ethnographic research including field visits, observations, and interviews.
- Analyze digital content and social media interactions to identify cultural trends.
- Collaborate with researchers to synthesize data and develop insights into the impacts of digital technology on culture.
- Assist in writing research papers, reports, and presenting findings at conferences.
- Manage and organize data in compliance with ethical research standards.",":
- Bachelor’s or Master’s degree in Anthropology, Sociology, Cultural Studies, or a related field.
- Experience in ethnographic research methods and qualitative analysis.
- Strong analytical and critical thinking skills.
- Proficiency in using digital tools for social media analysis and data organization.
- Excellent written and verbal communication skills.
- Ability to work independently and as part of a research team.
Application Process:
Interested applicants are encouraged to submit their CV, a cover letter outlining their research interests and relevant experience, and the names of two academic references. Applications should be emailed to [Hiring Manager's Email] by [Application Deadline].
[University Name] is an equal opportunity employer and strongly encourages applications from diverse backgrounds."
Urban_Studies_Research_Assistant_Job_Posting.docx,"d 'Sustainable Urban Transport Systems.' This project aims to investigate sustainable transportation solutions that can be integrated into urban planning to reduce environmental impact, improve city liveability, and promote economic growth. The study will focus on analyzing existing urban transport systems, identifying bottlenecks, and proposing innovative, sustainable transport solutions.
This role is ideal for someone with a keen interest in urban sustainability and the development of smart, efficient cities. The successful candidate will be part of a team that influences future urban transport policies through rigorous research and data-driven recommendations.",":
The Department of Urban Planning at [University Name] invites applications for a Research Assistant in a major",":
- Conduct field research in various urban settings to collect data on traffic patterns, public transport usage, and commuter behaviors.
- Analyze spatial data using GIS software to assess the effectiveness of current transportation infrastructure.
- Collaborate with local governments and urban planners to understand challenges and integrate findings into planning processes.
- Assist in developing models of potential transport solutions and evaluating their sustainability and feasibility.
- Prepare reports and presentations to communicate research findings to stakeholders and at academic conferences.",":
- Bachelor’s or Master’s degree in Urban Planning, Geography, Civil Engineering, or a related field.
- Experience in GIS and spatial analysis.
- Strong analytical skills and a background in statistical analysis.
- Excellent communication skills, with the ability to present complex information clearly.
- Proactive and able to work independently as well as part of a team.
- A passion for sustainable development and urban issues.
Application Process:
Applicants should send their resume, a cover letter detailing their suitability for the project, and the names and contact details of two references. Applications must be submitted to [Hiring Manager's Email] by [Application Deadline].
[University Name] is dedicated to fostering a diverse and inclusive environment and strongly supports equal opportunity employment."
Chemistry_Nanomaterials_Research_Assistant_Job_Posting.docx,":
Synthesis and Characterization of Novel Nanomaterials for Energy Storage",":
The Department of Chemistry at [University Name] is seeking a Research Assistant to join a project focused on the synthesis and characterization of novel nanomaterials for energy storage applications. This project aims to develop advanced materials that can significantly enhance the efficiency and capacity of energy storage devices.
Candidates will work in a state-of-the-art laboratory environment, utilizing techniques such as X-ray diffraction, electron microscopy, and spectroscopy to analyze the properties of synthesized materials. This role is an excellent opportunity to contribute to cutting-edge research in material science and chemistry.",":
- Synthesize new nanomaterials using various chemical methods.
- Characterize materials using techniques like SEM, TEM, XRD, and FTIR.
- Assist in the design and execution of experiments.
- Record, analyze, and present experimental data.
- Write reports and contribute to scientific papers.",":
- Bachelor’s or Master’s degree in Chemistry, Materials Science, or a related field.
- Strong background in synthetic chemistry and material characterization.
- Experience with analytical techniques used in materials science.
- Ability to work independently and as part of a multidisciplinary team.
- Excellent problem-solving and communication skills.
Application Process:
Applicants are required to submit a CV, a cover letter highlighting their expertise and interests in nanomaterials, and references to [Hiring Manager's Email] by [Application Deadline].
[University Name] is an equal opportunity employer committed to diversity and inclusion in all aspects of recruiting and employment."
Physics_Quantum_Computing_Research_Assistant_Job_Posting.docx,":
Development of Quantum Algorithms for Cryptography",":
The Department of Physics at [University Name] is seeking a Research Assistant to contribute to a cutting-edge project on the development of quantum algorithms for cryptography. This project involves the theoretical and experimental aspects of quantum computing and aims to advance the security and efficiency of data encryption methods.
The successful candidate will work in a highly collaborative environment, engaging with a team of physicists and computer scientists to design, simulate, and test quantum algorithms. This role offers the opportunity to be at the forefront of the rapidly evolving field of quantum information science.",":
- Assist in the design and simulation of quantum algorithms.
- Conduct experiments using quantum computing hardware.
- Analyze data and contribute to the development of new cryptographic methods.
- Collaborate with team members to publish research findings.
- Stay updated with advancements in quantum computing and cryptography.",":
- Bachelor’s or Master’s degree in Physics, Computer Science, or a related field.
- Experience in quantum computing or theoretical physics.
- Familiarity with programming languages used in quantum simulation (e.g., Python, Qiskit).
- Strong analytical skills and ability to work in a multidisciplinary team.
- Excellent communication skills and a proactive approach to problem-solving.
Application Process:
Interested candidates should submit their resume, a detailed cover letter, and references to [Hiring Manager's Email] by [Application Deadline].
[University Name] is an equal opportunity employer and values diversity in its workforce."
Materials_Science_Biomaterials_Research_Assistant_Job_Posting.docx,":
Development of Biomaterials for Orthopedic Implants",":
The Department of Materials Science and Engineering at [University Name] is seeking a Research Assistant to join a project focused on developing innovative biomaterials for orthopedic implants. This research aims to enhance the biocompatibility, durability, and efficacy of implants used in medical treatments.
The successful candidate will engage in materials synthesis, characterization, and testing of new biomaterials intended to improve patient outcomes. This role is an excellent opportunity for candidates interested in the intersection of materials science and biomedical engineering.",":
- Synthesize and characterize new biomaterials using techniques such as polymerization, and spectroscopy.
- Test material properties under biological conditions to evaluate biocompatibility and functionality.
- Collaborate with biomedical engineers and medical professionals to assess the clinical implications of materials.
- Document research findings and contribute to scientific publications and presentations.
- Ensure compliance with all safety and regulatory requirements in materials testing and handling.",":
- Bachelor’s or Master’s degree in Materials Science, Biomedical Engineering, or a related field.
- Experience in materials synthesis and characterization.
- Knowledge of biomaterials and their applications in medicine.
- Strong analytical and experimental skills.
- Excellent communication and teamwork abilities.
Application Process:
Candidates should submit their resume, a cover letter detailing their experience and interest in biomaterials, and references to [Hiring Manager's Email] by [Application Deadline].
[University Name] is an equal opportunity employer and values diversity in its research teams."
Sociology_Urban_Poverty_Research_Assistant_Job_Posting.docx,":
Dynamics of Urban Poverty and Social Inequality",":
The Department of Sociology at [University Name] is seeking a Research Assistant for a project examining the dynamics of urban poverty and social inequality. This study aims to understand the structural and systemic factors contributing to poverty in urban settings and to explore effective interventions. The successful candidate will engage in field research, data collection, and analysis, contributing to impactful social policy development.",":
- Conduct qualitative and quantitative research in urban communities.
- Analyze socioeconomic data to identify patterns and trends.
- Collaborate with local organizations and stakeholders to gather data.
- Assist in writing reports and academic papers.
- Participate in conferences and workshops to share findings.",":
- Bachelor’s or Master’s degree in Sociology, Urban Studies, or a related field.
- Experience with social research methods.
- Strong analytical skills and familiarity with statistical software.
- Excellent communication skills and the ability to work collaboratively.
- A deep interest in social justice and urban issues.
Application Process:
Interested applicants should submit their CV, a cover letter outlining their research interests and experiences, and the names of two references. Applications should be sent to [Hiring Manager's Email] by [Application Deadline].
[University Name] is an equal opportunity employer committed to fostering a diverse and inclusive academic environment."
Political_Science_Electoral_Systems_Research_Assistant_Job_Posting.docx,":
Comparative Analysis of Electoral Systems and Voter Turnout",":
The Department of Political Science at [University Name] is seeking a Research Assistant to participate in a comprehensive study focused on comparative analysis of electoral systems and their impact on voter turnout and behavior. This project will involve extensive data collection and analysis of voting patterns across different countries and electoral frameworks.
The ideal candidate will contribute to the development of insights that could influence electoral reforms and democratic engagement strategies. This role involves collaboration with an international team of political scientists and offers opportunities for significant academic and practical contributions to the field of political science.",":
- Collect and analyze data related to electoral systems and voting behavior.
- Assist in the development of statistical models to understand voter trends.
- Contribute to the drafting and publication of research findings.
- Engage with international research teams and participate in discussions.
- Help organize and participate in workshops and seminars related to the project.",":
- Bachelor’s or Master’s degree in Political Science, International Relations, or related field.
- Strong understanding of electoral systems and political behavior.
- Proficient in statistical analysis and software (e.g., SPSS, R).
- Excellent organizational and communication skills.
- Ability to work well in a team and with diverse international groups.
Application Process:
Applicants are encouraged to submit their resume, a cover letter detailing their interest in electoral systems, and references to [Hiring Manager's Email] by [Application Deadline].
[University Name] is committed to diversity and encourages applications from all qualified candidates, regardless of background."
Anthropology_Globalization_Research_Assistant_Job_Posting.docx,":
Globalization and Its Effects on Indigenous Cultures",":
The Department of Anthropology at [University Name] seeks a Research Assistant for a project exploring the effects of globalization on indigenous cultures. This research aims to document the changes in cultural practices, traditions, and languages among indigenous communities facing rapid economic and social transformations due to global influences.
The ideal candidate will conduct ethnographic fieldwork, participate in data collection and analysis, and help develop culturally sensitive approaches to studying these impacts. This role offers a unique opportunity to contribute to a deeper understanding of cultural preservation and change.",":
- Conduct field research in various international locations.
- Gather qualitative data through interviews and participant observation.
- Analyze cultural data and identify patterns of change and continuity.
- Collaborate with local communities and researchers to ensure ethical research practices.
- Contribute to the preparation and publication of research findings.",":
- Bachelor’s or Master’s degree in Anthropology, Cultural Studies, or related field.
- Experience with ethnographic research methods.
- Strong understanding of cultural dynamics and globalization.
- Excellent interpersonal and communication skills, especially in multicultural contexts.
- Willingness to travel and engage with diverse communities.
Application Process:
Candidates should send their resume, a cover letter emphasizing their research interests and fieldwork experience, and the names of two references to [Hiring Manager's Email] by [Application Deadline].
[University Name] is an equal opportunity employer and strongly supports inclusive and diverse research environments."
Psychology_Cognitive_Biases_Research_Assistant_Job_Posting.docx,":
Impact of Cognitive Biases on Financial Decision Making",":
The Department of Psychology at [University Name] is looking for a Research Assistant to join a project investigating the impact of cognitive biases on financial decision making. This research aims to understand how biases like overconfidence, loss aversion, and the anchoring effect influence financial decisions in various economic contexts.
The successful candidate will participate in the design and execution of experiments, data collection, and analysis. This role is an excellent opportunity for those interested in the psychological aspects of economics and behavioral finance.",":
- Assist in the development and implementation of experimental designs.
- Collect and analyze data using statistical software.
- Prepare research findings for publication and presentation at conferences.
- Coordinate with interdisciplinary teams including economists and behavioral scientists.
- Manage research documentation and participant records.",":
- Bachelor’s or Master’s degree in Psychology, Behavioral Economics, or related field.
- Experience with experimental psychology and data analysis.
- Proficient in statistical software (e.g., SPSS, R).
- Strong organizational and communication skills.
- Interest in behavioral finance and cognitive psychology.
Application Process:
Interested candidates should submit a detailed resume, a cover letter highlighting their research interests and experiences in cognitive psychology, and the names of two references. Applications should be directed to [Hiring Manager's Email] by [Application Deadline].
[University Name] encourages diversity and inclusion and is an equal opportunity employer."
Economics_Climate_Change_Research_Assistant_Job_Posting.docx,":
Economic Impacts of Climate Change Mitigation Strategies",":
The Department of Economics at [University Name] is seeking a Research Assistant for a project on the economic impacts of climate change mitigation strategies. This study aims to analyze the economic implications of various environmental policies and their effectiveness in reducing carbon emissions.
The successful candidate will help in modeling economic scenarios, collecting and analyzing data, and evaluating policy effectiveness. This role provides an excellent opportunity for those interested in environmental economics and policy making.",":
- Analyze economic data related to environmental policies.
- Assist in creating models to forecast the economic impacts of climate change.
- Work with an interdisciplinary team to assess policy effectiveness.
- Help prepare reports and papers for publication.
- Present findings at conferences and stakeholder meetings.",":
- Bachelor’s or Master’s degree in Economics, Environmental Economics, or a related field.
- Strong analytical skills and experience with economic modeling.
- Familiarity with environmental policies and climate change issues.
- Proficient in data analysis tools and software.
- Excellent written and verbal communication skills.
Application Process:
Candidates should send their CV, a detailed cover letter, and the names of two references to [Hiring Manager's Email] by [Application Deadline].
[University Name] is an equal opportunity employer and values diversity in its research teams."
Environmental_Science_Conservation_Research_Assistant_Job_Posting.docx,":
Impact of Conservation Strategies on Biodiversity",":
The Department of Environmental Science at [University Name] seeks a Research Assistant for a project assessing the impact of various conservation strategies on biodiversity. This project involves field research in diverse ecosystems to monitor species populations, study habitat restoration efforts, and evaluate the effectiveness of conservation policies.
The successful candidate will be involved in data collection, analysis, and the dissemination of findings through scientific papers and reports. This position offers an excellent opportunity to work on critical environmental issues and contribute to sustainable conservation practices.",":
- Conduct field studies and collect ecological data.
- Analyze data using statistical software and GIS tools.
- Assist in developing and testing new conservation techniques.
- Collaborate with environmental NGOs and government agencies.
- Prepare research findings for publication and present at conferences.",":
- Bachelor’s or Master’s degree in Environmental Science, Ecology, or a related field.
- Experience in field research and data collection.
- Proficient in data analysis and GIS software.
- Strong communication and teamwork skills.
- Passion for conservation and biodiversity.
Application Process:
Applicants should submit their resume, a cover letter outlining their research interests and experiences, and the names of two references. Applications should be directed to [Hiring Manager's Email] by [Application Deadline].
[University Name] is committed to diversity and inclusivity in all hiring practices."
Bioengineering_Regenerative_Medicine_Research_Assistant_Job_Posting.docx,":
Development of Tissue Engineering Techniques for Organ Regeneration",":
The Department of Bioengineering at [University Name] seeks a Research Assistant to join a project focused on advancing regenerative medicine through innovative tissue engineering techniques. This research aims to develop and optimize methods for creating functional tissues and organs in the lab, potentially revolutionizing treatment for organ failure and injuries.
The successful candidate will participate in experimental design, tissue culture processes, and analysis of experimental results. This position is an excellent opportunity for individuals interested in the cutting-edge field of bioengineering and biomedical applications.",":
- Assist in designing and conducting experiments related to tissue engineering.
- Manage cell cultures and perform biological assays.
- Analyze experimental data and contribute to scientific papers.
- Collaborate with medical researchers to apply findings in clinical settings.
- Ensure compliance with all laboratory safety protocols.",":
- Bachelor’s or Master’s degree in Bioengineering, Biomedical Engineering, or a related field.
- Experience in cell culture and tissue engineering.
- Strong analytical skills and familiarity with biological laboratory procedures.
- Excellent problem-solving abilities and attention to detail.
- Strong communication skills for collaboration within a multidisciplinary team.
Application Process:
Candidates are invited to submit a resume, a cover letter emphasizing their experience and interest in regenerative medicine, and the names of two references. Applications should be directed to [Hiring Manager's Email] by [Application Deadline].
[University Name] is an equal opportunity employer and encourages applications from diverse backgrounds."
Computer_Science_AI_Healthcare_Research_Assistant_Job_Posting.docx,":
AI-Driven Diagnostics and Treatment Planning",":
The Department of Computer Science at [University Name] is seeking a Research Assistant to contribute to a project utilizing artificial intelligence to improve diagnostics and treatment planning in healthcare. This project involves developing machine learning models that can predict patient outcomes, personalize treatment plans, and enhance the accuracy of diagnostic imaging.
The successful candidate will work on algorithm development, data analysis, and model training, collaborating closely with healthcare professionals to integrate AI technologies into clinical settings.",":
- Develop and refine machine learning algorithms for healthcare applications.
- Analyze large datasets to train and validate predictive models.
- Collaborate with medical researchers to implement AI tools in clinical trials.
- Document and report on research progress and findings.
- Stay abreast of latest AI technologies and their potential healthcare applications.",":
- Bachelor’s or Master’s degree in Computer Science, Data Science, or a related field.
- Strong programming skills and experience with machine learning libraries (e.g., TensorFlow, PyTorch).
- Knowledge of medical imaging technologies and healthcare data privacy standards.
- Excellent analytical and problem-solving skills.
- Strong communication skills for effective collaboration across disciplines.
Application Process:
Interested applicants should submit their resume, a cover letter detailing their expertise in AI and healthcare, and references to [Hiring Manager's Email] by [Application Deadline].
[University Name] is committed to diversity and inclusivity in its hiring practices."
History_Digital_Archiving_Research_Assistant_Job_Posting.docx,":
Preserving Digital Histories: Techniques and Technologies",":
The Department of History at [University Name] is seeking a Research Assistant for a project focused on digital archiving and the preservation of historical documents and artifacts using modern technologies. This project aims to explore innovative methods for digital preservation that can protect and extend the accessibility of historical data.
The successful candidate will work on digitizing archives, implementing preservation solutions, and assisting in the development of a public digital history platform. This role is ideal for candidates with an interest in history, archival science, and technology.",":
- Assist in the digitization of historical documents and artifacts.
- Implement and manage digital preservation tools and software.
- Contribute to the development of a digital history platform.
- Collaborate with historians and IT specialists on project goals.
- Prepare reports and presentations for academic and public audiences.",":
- Bachelor’s or Master’s degree in History, Archival Science, or a related field.
- Experience with digital technologies and archival systems.
- Strong organizational skills and attention to detail.
- Excellent communication skills and ability to work collaboratively.
- A passion for history and preservation.
Application Process:
Candidates should send their resume, a cover letter detailing their interest and experience in digital archiving, and the names of two references to [Hiring Manager's Email] by [Application Deadline].
[University Name] is an equal opportunity employer and values diversity in its academic community."
Physics_Astrophysics_Research_Assistant_Job_Posting.docx,":
Investigating Dark Matter and Energy in the Universe",":
The Department of Physics at [University Name] is seeking a Research Assistant to participate in a groundbreaking project aimed at investigating dark matter and dark energy in the universe. This research involves observational studies, data analysis from space telescopes, and theoretical modeling to understand the fundamental components of the cosmos.
The successful candidate will work alongside leading astrophysicists, contributing to data collection and analysis, and helping to refine models of the universe's structure and composition. This position offers a unique opportunity to engage with some of the most intriguing and challenging questions in physics today.",":
- Assist in the analysis of astrophysical data from satellite missions.
- Develop and test theoretical models related to dark matter and dark energy.
- Collaborate with an international team of researchers.
- Prepare scientific papers and present findings at international conferences.
- Maintain and calibrate sophisticated astronomical instrumentation.",":
- Bachelor’s or Master’s degree in Physics, Astrophysics, or a related field.
- Experience with data analysis software and tools used in astrophysics.
- Strong mathematical and computational skills.
- Excellent problem-solving abilities and a keen interest in space science.
- Ability to work effectively in a team and communicate complex ideas clearly.
Application Process:
Interested candidates should submit their CV, a cover letter outlining their research interests and experience in astrophysics, and the names of two references. Applications should be directed to [Hiring Manager's Email] by [Application Deadline].
[University Name] is an equal opportunity employer and strongly supports inclusivity in science and research."
Economics_Renewable_Energy_Research_Assistant_Job_Posting.docx,":
Economic Incentives and Barriers to Renewable Energy Adoption",":
The Department of Economics at [University Name] is seeking a Research Assistant to join a project exploring the economic incentives and barriers affecting the adoption of renewable energy technologies. This project aims to understand how economic policies can be designed to accelerate the transition to sustainable energy sources, focusing on both macroeconomic impacts and microeconomic decision-making.
The successful candidate will analyze economic data, engage in policy analysis, and work on model simulations to forecast the effects of various policy interventions. This role is ideal for candidates passionate about environmental economics and sustainable development.",":
- Conduct economic research and data analysis on renewable energy markets.
- Collaborate with policymakers to evaluate and propose effective economic incentives.
- Develop models to simulate the economic impact of renewable energy adoption.
- Prepare reports and academic papers summarizing research findings.
- Participate in workshops and conferences to disseminate results.",":
- Bachelor’s or Master’s degree in Economics, Environmental Economics, or a related field.
- Strong analytical skills and experience with economic modeling.
- Familiarity with energy economics and policy analysis.
- Proficient in statistical software and data analysis tools.
- Excellent written and verbal communication skills.
Application Process:
Applicants are invited to submit a CV, a cover letter outlining their research interests and experiences, and the names of two references. Applications should be sent to [Hiring Manager's Email] by [Application Deadline].
[University Name] is an equal opportunity employer committed to diversity and inclusion."
Sociology_Remote_Work_Research_Assistant_Job_Posting.docx,":
Understanding the Social Dynamics of Remote Work Environments",":
The Department of Sociology at [University Name] is seeking a Research Assistant for a study on the social dynamics of remote work. This project aims to explore how remote working arrangements affect team dynamics, communication patterns, and employee well-being. The research will use both qualitative and quantitative methods to gather insights into the evolving nature of work in the digital age.
The successful candidate will participate in data collection, including surveys and interviews, and will help analyze the impact of remote work on different demographics. This position is ideal for those interested in organizational sociology and the changing landscape of work.",":
- Conduct surveys and interviews with remote workers.
- Analyze data to understand changes in workplace culture and communication.
- Collaborate with organizational psychologists and HR professionals.
- Prepare reports and presentations based on research findings.
- Help organize webinars and workshops to discuss research outcomes.",":
- Bachelor’s or Master’s degree in Sociology, Organizational Psychology, or related field.
- Experience with qualitative and quantitative research methods.
- Strong analytical skills and proficiency in data analysis software.
- Excellent communication skills and ability to work as part of a team.
- Interest in technology’s impact on work and society.
Application Process:
Candidates are encouraged to submit their resume, a cover letter detailing their research interests in remote work, and references to [Hiring Manager's Email] by [Application Deadline].
[University Name] is an equal opportunity employer and values diversity in its research team."
Psychology_Digital_Mental_Health_Research_Assistant_Job_Posting.docx,":
Psychological Impacts of Prolonged Exposure to Digital Environments",":
The Department of Psychology at [University Name] seeks a Research Assistant to explore the psychological impacts of prolonged exposure to digital environments. This project will focus on identifying mental health trends, stressors, and coping mechanisms associated with heavy use of digital media, virtual reality, and social platforms.
The successful candidate will conduct surveys, perform psychological assessments, and participate in the design and analysis of intervention strategies aimed at promoting healthier digital behavior patterns. This role offers an opportunity to contribute to important research aimed at understanding and mitigating the mental health challenges of our digital age.",":
- Administer psychological assessments and conduct interviews.
- Analyze data on digital media usage and its effects on mental health.
- Collaborate with technologists to design interventions.
- Write research papers and present findings at conferences.
- Engage with the community to promote awareness of digital wellness.",":
- Bachelor’s or Master’s degree in Psychology, Clinical Psychology, or a related field.
- Experience with behavioral research and data analysis.
- Familiarity with digital media and its psychological impacts.
- Strong analytical and communication skills.
- Commitment to ethical research practices.
Application Process:
Applicants should submit their CV, a detailed cover letter explaining their interest in digital mental health, and references to [Hiring Manager's Email] by [Application Deadline].
[University Name] is committed to building a diverse and inclusive research community."
History_Environmental_Policy_Research_Assistant_Job_Posting.docx,":
Tracing Historical Roots of Modern Environmental Policies",":
The Department of History at [University Name] is looking for a Research Assistant to contribute to a project examining how historical events and movements have shaped current environmental policies. This project aims to provide a deep historical context to better understand and critique contemporary environmental strategies and their effectiveness.
The successful candidate will research historical data, engage with historical texts, and work closely with environmental scientists to draw parallels between past and present policy approaches. This role is ideal for someone with a strong interest in environmental history and policy analysis.",":
- Conduct archival research and data collection on historical environmental policies.
- Analyze historical trends and their impacts on modern environmental strategies.
- Collaborate with environmental scientists to integrate historical insights.
- Prepare research findings for publication in academic journals and presentations.
- Participate in conferences and symposiums to discuss research outcomes.",":
- Bachelor’s or Master’s degree in History, Environmental Studies, or related fields.
- Experience in historical research and archival work.
- Strong analytical skills and attention to detail.
- Excellent writing and communication skills.
- A passion for environmental issues and historical analysis.
Application Process:
Candidates should send their resume, a cover letter emphasizing their historical research experience, and the names of two references to [Hiring Manager's Email] by [Application Deadline].
[University Name] is an equal opportunity employer that values diversity in its academic community."
Anthropology_AI_Social_Impact_Research_Assistant_Job_Posting.docx,":
Anthropological Perspectives on Artificial Intelligence",":
The Department of Anthropology at [University Name] is seeking a Research Assistant to explore the social implications of artificial intelligence. This project aims to investigate how AI technologies influence human behavior, social structures, and cultural norms. The research will focus on different communities globally, assessing the diverse impacts of AI from an anthropological perspective.
The successful candidate will conduct ethnographic fieldwork, utilize qualitative research methods, and collaborate with technologists to understand the broader social dynamics shaped by AI. This role offers an opportunity to engage deeply with one of the most transformative technologies of our age.",":
- Perform field research in various cultural settings to understand the social impact of AI.
- Analyze qualitative data to identify patterns in AI integration and social change.
- Collaborate with interdisciplinary teams to provide comprehensive cultural insights.
- Produce scholarly articles and present findings at international conferences.
- Participate in public outreach to educate on the anthropological effects of AI.",":
- Bachelor’s or Master’s degree in Anthropology, Sociology, or related fields.
- Experience with ethnographic research and qualitative analysis.
- Strong interest in technology and its interaction with society.
- Excellent communication and analytical skills.
- Ability to adapt and work in diverse cultural environments.
Application Process:
Interested candidates should send their CV, a cover letter detailing their interest in AI and society, and the names of two academic references to [Hiring Manager's Email] by [Application Deadline].
[University Name] values diversity and is committed to creating an inclusive environment for all employees."
Business_Administration_Sustainability_Research_Assistant_Job_Posting.docx,":
Integrating Sustainability into Corporate Strategy",":
The School of Business at [University Name] is seeking a Research Assistant to work on a project focused on integrating sustainability into corporate strategies. This research aims to explore how businesses can incorporate environmental, social, and governance (ESG) factors into their core operations and decision-making processes to drive sustainable growth.
The successful candidate will analyze case studies, develop sustainability assessment models, and engage with corporate partners to implement sustainable practices. This role offers an excellent opportunity for candidates interested in business strategy and sustainability.",":
- Conduct research on current sustainability practices in various industries.
- Develop models for integrating ESG factors into business strategies.
- Collaborate with industry partners to test and refine sustainability strategies.
- Organize workshops and seminars to disseminate research findings.
- Prepare reports and academic papers on sustainable business practices.",":
- Bachelor’s or Master’s degree in Business Administration, Environmental Management, or related field.
- Experience in business strategy or sustainability initiatives.
- Strong analytical skills and familiarity with statistical analysis tools.
- Excellent communication and project management skills.
- A commitment to driving sustainable business outcomes.
Application Process:
Candidates should submit a resume, a cover letter outlining their experience with sustainability in business, and the names of two references. Applications should be directed to [Hiring Manager's Email] by [Application Deadline].
[University Name] is an equal opportunity employer and is committed to building a diverse and inclusive workplace."
Marketing_Digital_Consumer_Behavior_Research_Assistant_Job_Posting.docx,":
Adapting Digital Marketing Strategies for Post-Pandemic Consumer Behavior",":
The Department of Marketing at [University Name] is looking for a Research Assistant to explore how digital marketing strategies can be adapted to the changing consumer behaviors in the post-pandemic world. This project will analyze trends in online consumer engagement, e-commerce, and digital communication channels.
The successful candidate will conduct market analysis, engage with digital marketing tools, and help develop marketing strategies that cater to an increasingly digital consumer base. This role is perfect for candidates interested in digital marketing, consumer psychology, and data analytics.",":
- Perform detailed market analysis on digital consumer trends.
- Test and analyze the effectiveness of different digital marketing strategies.
- Collaborate with digital marketers to implement and refine campaigns.
- Produce comprehensive reports and articles on digital consumer behavior.
- Present findings at industry conferences and workshops.",":
- Bachelor’s or Master’s degree in Marketing, Business, or related field.
- Experience with digital marketing tools and analytics platforms.
- Strong understanding of consumer behavior and market research techniques.
- Excellent analytical and communication skills.
- Creativity and a keen interest in digital marketing trends.
Application Process:
Interested candidates should submit their CV, a cover letter detailing their experience and interest in digital marketing, and the names of two references to [Hiring Manager's Email] by [Application Deadline].
[University Name] promotes diversity and inclusion in its employment practices."
Finance_Climate_Risk_Assessment_Research_Assistant_Job_Posting.docx,":
Assessing Financial Risks Associated with Climate Change",":
The Department of Finance at [University Name] seeks a Research Assistant to engage in a project assessing the financial risks associated with climate change. This initiative aims to develop and implement analytical models that predict financial outcomes based on varying climate scenarios and to assess the impact of climate change on investment portfolios and insurance products.
The successful candidate will analyze financial data, work on economic modeling, and collaborate with environmental scientists to integrate climate change projections into financial forecasts. This position offers an opportunity for candidates interested in finance, environmental economics, and risk management.",":
- Develop financial models to assess the impact of climate change on economic sectors.
- Analyze market data and investment trends influenced by environmental factors.
- Collaborate with environmental scientists to understand climate projections.
- Prepare detailed reports and presentations for stakeholders and policy makers.
- Participate in conferences to discuss findings and new financial strategies.",":
- Bachelor’s or Master’s degree in Finance, Economics, or a related field.
- Strong skills in financial modeling and data analysis.
- Knowledge of climate change impacts on finance is preferred.
- Excellent analytical, quantitative, and problem-solving skills.
- Ability to communicate complex financial information effectively.
Application Process:
Candidates should send their resume, a cover letter outlining their expertise in financial analytics and climate risk, and references to [Hiring Manager's Email] by [Application Deadline].
[University Name] is dedicated to fostering a diverse and inclusive work environment."
Human_Resources_Remote_Workforce_Management_Research_Assistant_Job_Posting.docx,":
Effective Management Strategies for Remote Workforces",":
The Department of Human Resources at [University Name] is seeking a Research Assistant to explore effective management strategies for remote workforces. This project aims to identify best practices for remote employee engagement, productivity, and well-being, addressing the challenges and opportunities presented by increasingly remote work environments.
The successful candidate will collect and analyze data on remote work trends, employee feedback, and organizational outcomes. This role is ideal for candidates interested in organizational behavior, human resources management, and the evolving nature of work.",":
- Survey remote employees and analyze feedback on work environment and management practices.
- Research and develop recommendations for remote workforce engagement and retention.
- Collaborate with HR professionals to implement and refine remote work policies.
- Prepare detailed reports and presentations for HR leadership.
- Participate in HR workshops and seminars to share findings and best practices.",":
- Bachelor’s or Master’s degree in Human Resources, Organizational Psychology, or a related field.
- Experience with HR analytics and employee survey methodologies.
- Strong understanding of remote work dynamics and organizational behavior.
- Excellent analytical and communication skills.
- Proactive and innovative approach to HR solutions.
Application Process:
Applicants should submit their resume, a cover letter detailing their experience with remote workforce management, and references to [Hiring Manager's Email] by [Application Deadline].
[University Name] is committed to creating a diverse and inclusive work environment."
Legal_Studies_Emerging_Tech_Research_Assistant_Job_Posting.docx,":
Legal Frameworks for Emerging Technologies",":
The Department of Legal Studies at [University Name] is seeking a Research Assistant to participate in a project examining the regulation of emerging technologies such as artificial intelligence, blockchain, and biotechnology. This project aims to develop comprehensive legal frameworks that address the ethical, privacy, and security challenges posed by these technologies.
The successful candidate will conduct legal research, analyze existing and proposed regulations, and assist in drafting policy recommendations. This role is perfect for candidates interested in technology law, intellectual property rights, and legislative processes.",":
- Research and analyze legal precedents and current regulations affecting new technologies.
- Collaborate with technologists and policymakers to understand technological implications.
- Help draft legislative proposals and policy briefs.
- Organize symposiums and public discussions on technology law.
- Contribute to academic papers and journals on legal issues surrounding emerging technologies.",":
- Bachelor’s or Master’s degree in Law, Legal Studies, or a related field.
- Strong interest in technology and its intersection with law.
- Excellent research, writing, and analytical skills.
- Knowledge of intellectual property law and privacy regulations.
- Ability to synthesize complex technical and legal information.
Application Process:
Interested candidates should submit their resume, a cover letter detailing their interest in technology regulation, and references to [Hiring Manager's Email] by [Application Deadline].
[University Name] values diversity and strives to create an inclusive environment for all employees."
Chemistry_Biodegradable_Plastics_Research_Assistant_Job_Posting.docx,":
Synthesis and Testing of New Biodegradable Plastics",":
The Department of Chemistry at [University Name] is seeking a Research Assistant to contribute to a project focused on the development of biodegradable plastics. This research aims to create sustainable and environmentally friendly plastic alternatives that decompose naturally, reducing pollution and waste in ecosystems.
The successful candidate will be involved in synthesizing new polymeric materials, testing their biodegradability under various conditions, and analyzing their performance compared to traditional plastics. This position is ideal for candidates who are passionate about green chemistry and sustainable materials science.",":
- Synthesize new polymeric compounds and formulate biodegradable plastics.
- Conduct rigorous testing to evaluate the degradation rates of developed materials.
- Analyze data and contribute to the improvement of material properties.
- Collaborate with environmental scientists to assess ecological impacts.
- Publish research findings in scientific journals and present at conferences.",":
- Bachelor’s or Master’s degree in Chemistry, Materials Science, or a related field.
- Experience in polymer synthesis and characterization.
- Strong analytical skills and proficiency with chemical analysis tools.
- Commitment to environmental sustainability and innovation.
- Excellent communication skills for collaborative research.
Application Process:
Interested candidates should submit their CV, a detailed cover letter explaining their interest and experience in biodegradable materials, and references to [Hiring Manager's Email] by [Application Deadline].
[University Name] is an equal opportunity employer and values diversity in its research teams."
Biology_Disease_Resistance_Genomic_Research_Assistant_Job_Posting.docx,":
Genomic Strategies for Enhancing Disease Resistance in Crops",":
The Department of Biology at [University Name] is looking for a Research Assistant to join a project aimed at using genomic research to enhance disease resistance in agricultural crops. This initiative focuses on identifying genetic markers that contribute to disease resistance and using biotechnological tools to develop crops with improved resilience against pathogens.
The successful candidate will participate in genetic sequencing, data analysis, and field testing of genetically modified crops. This role is ideal for candidates interested in genetics, biotechnology, and sustainable agriculture.",":
- Conduct genetic sequencing and analysis to identify resistance traits.
- Collaborate with biotechnologists to apply genetic findings in crop development.
- Monitor and evaluate the performance of test crops in field conditions.
- Publish research findings and contribute to scientific discussions on agricultural genomics.
- Engage with agricultural stakeholders to understand and address field-level challenges.",":
- Bachelor’s or Master’s degree in Biology, Genetics, or a related field.
- Experience in genetic research or molecular biology techniques.
- Strong analytical skills and familiarity with genomic data analysis software.
- Passion for sustainable agriculture and crop improvement.
- Excellent communication skills and ability to work collaboratively on complex projects.
Application Process:
Interested candidates should submit their CV, a detailed cover letter explaining their interest in agricultural genomics, and references to [Hiring Manager's Email] by [Application Deadline].
[University Name] promotes a diverse and inclusive academic and work environment."
Biotechnology_Agricultural_Techniques_Research_Assistant_Job_Posting.docx,":
Development of Sustainable Agricultural Practices Using Biotechnology",":
The Department of Biotechnology at [University Name] seeks a Research Assistant to contribute to a project focused on developing innovative agricultural techniques to enhance food security. This initiative aims to use biotechnological advancements to improve crop yield, resistance to pests and diseases, and adaptability to changing climate conditions.
The successful candidate will work on genetic modification of plants, field trials, and analysis of agricultural data to determine the efficacy of new farming techniques. This role is ideal for candidates interested in agro-biotechnology, genetic engineering, and sustainable farming practices.",":
- Conduct laboratory experiments and field trials on genetically modified crops.
- Analyze plant responses to environmental stresses and agricultural treatments.
- Collaborate with agronomists and environmental scientists to refine farming practices.
- Document findings and contribute to academic papers and conferences.
- Engage with the agricultural community to promote sustainable farming technologies.",":
- Bachelor’s or Master’s degree in Biotechnology, Agricultural Science, or a related field.
- Experience in plant biotechnology or genetic engineering.
- Strong analytical skills and proficiency in scientific research methods.
- Excellent communication skills and ability to work in multidisciplinary teams.
- Passion for innovation in agriculture and commitment to food security.
Application Process:
Interested candidates should submit their CV, a cover letter detailing their interest in sustainable agriculture, and references to [Hiring Manager's Email] by [Application Deadline].
[University Name] is dedicated to creating a diverse and inclusive environment for all staff and students."
Archaeology_Ancient_Civilizations_Climate_Change_Research_Assistant_Job_Posting.docx,":
Impact of Climate Change on Ancient Civilizations",":
The Department of Archaeology at [University Name] seeks a Research Assistant to explore the impact of climate change on ancient civilizations. This project aims to investigate how historical climate variations influenced the development, migration, and collapse of early societies.
The successful candidate will participate in field excavations, analyze archaeological and environmental data, and collaborate with climate scientists to understand the interactions between climate and human activities in ancient times. This role is perfect for candidates interested in historical climatology, archaeology, and geochemistry.",":
- Conduct archaeological fieldwork at designated sites.
- Analyze artifacts and environmental samples to deduce climatic conditions.
- Collaborate with historians and climate scientists to synthesize findings.
- Publish research papers and present findings at international conferences.
- Participate in public outreach to educate on the importance of historical climate studies.",":
- Bachelor’s or Master’s degree in Archaeology, History, or a related field.
- Experience in field archaeology or environmental science.
- Strong analytical skills and familiarity with dating techniques.
- Passion for uncovering historical and environmental truths.
- Excellent written and verbal communication skills.
Application Process:
Candidates should submit their resume, a cover letter detailing their research interests and experiences, and references to [Hiring Manager's Email] by [Application Deadline].
[University Name] is committed to diversity and inclusion in all hiring practices."
Urban_Planning_Smart_City_Development_Research_Assistant_Job_Posting.docx,":
Designing Sustainable Smart Cities",":
The Department of Urban Planning at [University Name] is seeking a Research Assistant to join a project aimed at developing sustainable smart city solutions. This initiative focuses on integrating technology and data-driven approaches to urban planning to enhance the livability, efficiency, and sustainability of cities.
The successful candidate will help design urban infrastructure models, analyze smart city data, and work with engineers and technology experts to implement innovative solutions. This role is ideal for candidates with a strong interest in technology, sustainable development, and urban design.",":
- Assist in the design and implementation of smart city projects.
- Collect and analyze data on urban infrastructure and technology usage.
- Work with interdisciplinary teams to develop sustainable urban solutions.
- Prepare detailed reports and presentations for municipal stakeholders.
- Participate in workshops and public forums to discuss smart city developments.",":
- Bachelor’s or Master’s degree in Urban Planning, Civil Engineering, or a related field.
- Experience with GIS, urban modeling, or smart technology.
- Strong analytical skills and proficiency in data analysis software.
- Excellent communication skills and ability to engage with diverse stakeholders.
- Passion for enhancing urban environments through innovative technology.
Application Process:
Interested candidates should submit their resume, a cover letter outlining their experience with smart cities, and references to [Hiring Manager's Email] by [Application Deadline].
[University Name] promotes a diverse and inclusive academic and work environment."
Neuroscience_Brain_Computer_Interface_Research_Assistant_Job_Posting.docx,":
Advancing Brain-Computer Interface Technologies",":
The Department of Neuroscience at [University Name] is looking for a Research Assistant to contribute to a cutting-edge project on brain-computer interfaces (BCIs). This research aims to develop innovative technologies that enable direct communication between the brain and external devices, with potential applications in medical rehabilitation and virtual reality.
The successful candidate will conduct experiments involving neural signal processing, participate in the development of BCI prototypes, and analyze the interaction between neural activity and machine interfaces. This role is ideal for candidates passionate about cognitive neuroscience, neuroengineering, and the intersection of technology and human cognition.",":
- Conduct experiments to capture and analyze neural signals.
- Assist in developing and testing BCI prototypes.
- Collaborate with engineers and computer scientists to refine interface designs.
- Prepare research findings for publication and present at scientific conferences.
- Engage in interdisciplinary research discussions and innovation brainstorming sessions.",":
- Bachelor’s or Master’s degree in Neuroscience, Biomedical Engineering, or a related field.
- Experience in neural signal processing or related research.
- Proficiency with EEG, MEG, or similar neuroimaging techniques.
- Strong analytical skills and familiarity with computational modeling.
- Excellent problem-solving abilities and a collaborative spirit.
Application Process:
Candidates should submit their CV, a cover letter detailing their interest in BCI research, and references to [Hiring Manager's Email] by [Application Deadline].
[University Name] is committed to diversity and inclusion in all aspects of recruitment and employment."
Sports_Science_Athletic_Performance_Research_Assistant_Job_Posting.docx,":
Optimizing Athletic Performance and Recovery Techniques",":
The Department of Sports Science at [University Name] seeks a Research Assistant to join a project focused on optimizing athletic performance and recovery techniques. This research aims to study the physiological and psychological factors that influence athletic performance, including nutrition, training regimens, and recovery processes.
The successful candidate will assist in conducting experiments with athletes, analyze performance data, and help develop improved training and recovery protocols. This role is ideal for candidates interested in sports medicine, exercise physiology, and athlete health and wellness.",":
- Assist in the development and implementation of training and recovery studies.
- Collect and analyze physiological and psychological data from athletes.
- Collaborate with coaches and medical professionals to refine athletic programs.
- Prepare research findings for publication in sports science journals.
- Participate in conferences and seminars to share insights and best practices.",":
- Bachelor’s or Master’s degree in Sports Science, Kinesiology, or a related field.
- Experience in sports performance research or athletic training.
- Knowledge of statistical analysis and data interpretation.
- Strong organizational and communication skills.
- Commitment to enhancing athlete health and performance.
Application Process:
Candidates should submit their CV, a cover letter outlining their experience and interest in sports science, and references to [Hiring Manager's Email] by [Application Deadline].
[University Name] is committed to diversity and promoting an inclusive environment."
Cybersecurity_IoT_Security_Research_Assistant_Job_Posting.docx,":
Enhancing Security Measures for IoT Devices",":
The Department of Cybersecurity at [University Name] is seeking a Research Assistant to join a project dedicated to enhancing security measures for Internet of Things (IoT) devices. This research focuses on developing advanced cryptographic methods and security protocols to protect IoT devices from cyber threats.
The successful candidate will test and evaluate IoT security solutions, develop software for security enhancement, and collaborate with industry partners to implement these solutions in real-world scenarios. This role is perfect for candidates passionate about network security, cryptography, and emerging technologies.",":
- Develop and test security protocols for IoT devices.
- Analyze vulnerabilities and perform penetration tests on IoT systems.
- Collaborate with software developers and engineers to implement security features.
- Publish research findings and provide recommendations for IoT security.
- Participate in conferences and workshops to stay updated on the latest cybersecurity trends.",":
- Bachelor’s or Master’s degree in Cybersecurity, Computer Science, or a related field.
- Experience with network security and encryption technologies.
- Proficient in programming languages commonly used in security applications.
- Strong analytical and problem-solving skills.
- Excellent communication skills for working with interdisciplinary teams.
Application Process:
Candidates should submit their resume, a cover letter detailing their experience and interest in IoT security, and references to [Hiring Manager's Email] by [Application Deadline].
[University Name] is committed to diversity and inclusion in all aspects of employment."
Social_Work_Mental_Health_Interventions_Research_Assistant_Job_Posting.docx,":
Enhancing Urban Mental Health Services",":
The Department of Social Work at [University Name] is looking for a Research Assistant to contribute to a project focused on improving mental health interventions in urban environments. This initiative aims to develop and evaluate innovative approaches to mental health care that address the unique challenges faced by urban populations, including homelessness, substance abuse, and high stress levels.
The successful candidate will assist in designing intervention programs, conducting field research, and analyzing data to assess the effectiveness of different mental health strategies. This role is ideal for candidates with a strong interest in clinical social work, community health, and public policy.",":
- Assist in the design and implementation of mental health intervention programs.
- Conduct interviews and surveys with urban residents to gather data on mental health needs.
- Collaborate with healthcare providers and community organizations to coordinate services.
- Analyze data to determine the effectiveness of interventions.
- Prepare reports and policy recommendations based on research findings.",":
- Bachelor’s or Master’s degree in Social Work, Psychology, or a related field.
- Experience in mental health research or clinical practice.
- Strong analytical skills and experience with data collection and analysis.
- Excellent communication skills and ability to work with diverse populations.
- Passion for improving mental health care in urban settings.
Application Process:
Candidates should submit their CV, a cover letter detailing their experience and interest in urban mental health, and references to [Hiring Manager's Email] by [Application Deadline].
[University Name] is committed to fostering a diverse and inclusive community."
Robotics_Automation_Manufacturing_Research_Assistant_Job_Posting.docx,":
Innovations in Robotic Automation for Manufacturing",":
The Department of Robotics at [University Name] is seeking a Research Assistant to contribute to a project on advancing automation technologies in manufacturing. This research aims to develop and implement robotic systems that enhance production efficiency, quality, and safety.
The successful candidate will work on designing robotic mechanisms, conducting experiments to test their functionality, and optimizing automation processes for industrial settings. This role is ideal for candidates with an interest in mechanical engineering, computer science, and industrial automation.",":
- Design and prototype new robotic systems for manufacturing applications.
- Test and refine robotic mechanisms in lab and industrial environments.
- Collaborate with engineers to integrate automation technologies.
- Analyze data to improve system performance and efficiency.
- Document findings and contribute to technical reports and academic papers.",":
- Bachelor’s or Master’s degree in Robotics, Mechanical Engineering, or a related field.
- Experience with CAD software and robotics programming.
- Strong problem-solving skills and technical proficiency.
- Excellent teamwork and communication abilities.
- A passion for innovation in robotics and automation.
Application Process:
Interested candidates should submit their resume, a cover letter detailing their experience in robotics and automation, and references to [Hiring Manager's Email] by [Application Deadline].
[University Name] is committed to creating a diverse and inclusive academic environment."
Pharmacology_Personalized_Medicine_Research_Assistant_Job_Posting.docx,":
Personalized Medicine Approaches in Pharmacology",":
The Department of Pharmacology at [University Name] seeks a Research Assistant to join a project aimed at developing personalized medicine approaches. This research focuses on tailoring medical treatment to individual genetic profiles to improve drug efficacy and minimize side effects.
The successful candidate will be involved in pharmacogenomic studies, drug response analysis, and collaborative projects with biotech companies to translate findings into clinical practice. This role is ideal for candidates interested in genetics, biochemistry, and the future of medicine.",":
- Conduct genetic and biochemical analyses to understand drug interactions.
- Collaborate with geneticists to identify biomarkers for drug response.
- Develop protocols for personalized medicine trials.
- Analyze clinical data to evaluate treatment outcomes.
- Prepare research papers and present findings at medical conferences.",":
- Bachelor’s or Master’s degree in Pharmacology, Biochemistry, or a related field.
- Experience in genetic analysis or clinical research.
- Strong analytical skills and proficiency with laboratory techniques.
- Excellent problem-solving abilities and a detail-oriented mindset.
- Strong communication skills for effective collaboration in a multidisciplinary environment.
Application Process:
Candidates should submit their resume, a cover letter outlining their experience and interest in personalized medicine, and references to [Hiring Manager's Email] by [Application Deadline].
[University Name] is committed to diversity and inclusion in all its educational and research programs."
Marine_Biology_Coral_Reef_Restoration_Research_Assistant_Job_Posting.docx,":
Coral Restoration and Conservation Strategies",":
The Department of Marine Biology at [University Name] seeks a Research Assistant to participate in a project focused on coral reef restoration. This research aims to develop and implement strategies for coral regeneration and conservation, addressing the challenges posed by climate change and environmental degradation.
The successful candidate will work on coral propagation techniques, monitor reef health in field sites, and collaborate with environmental organizations to implement restoration projects. This role is ideal for candidates with a strong interest in marine ecology, environmental science, and conservation biology.",":
- Conduct fieldwork to collect coral samples and monitor reef health.
- Assist in developing coral propagation and transplantation techniques.
- Analyze environmental data to assess reef recovery and success rates.
- Collaborate with local and international conservation organizations.
- Present research findings at scientific conferences and contribute to environmental awareness campaigns.",":
- Bachelor’s or Master’s degree in Marine Biology, Environmental Science, or a related field.
- Experience with marine ecosystems and aquatic field research.
- Knowledge of coral biology and conservation methods.
- Strong analytical skills and proficiency with data collection tools.
- Excellent communication and organizational skills.
Application Process:
Interested candidates should submit their CV, a cover letter detailing their experience and commitment to marine conservation, and references to [Hiring Manager's Email] by [Application Deadline].
[University Name] is dedicated to fostering a diverse and inclusive research environment."
Meteorology_Climate_Modeling_Research_Assistant_Job_Posting.docx,":
Advanced Climate Modeling for Accurate Weather Prediction",":
The Department of Meteorology at [University Name] seeks a Research Assistant to participate in a project focused on advancing climate modeling techniques for more accurate weather prediction. This research aims to enhance forecasting models through the integration of satellite data, atmospheric observations, and computational simulations.
The successful candidate will work on developing and refining climate models, analyzing weather patterns, and collaborating with climatologists to improve predictive accuracy. This role is ideal for candidates with a strong interest in atmospheric sciences, environmental modeling, and data analysis.",":
- Assist in the development and calibration of climate models.
- Analyze large datasets to identify weather trends and anomalies.
- Collaborate with other researchers to enhance model accuracy.
- Present findings at meteorological conferences and contribute to scientific publications.
- Participate in community outreach to educate the public about climate change and weather prediction.",":
- Bachelor’s or Master’s degree in Meteorology, Atmospheric Sciences, or a related field.
- Experience with climate modeling software and data analysis tools.
- Strong analytical skills and attention to detail.
- Excellent communication skills and the ability to work collaboratively.
- Passion for understanding and predicting atmospheric phenomena.
Application Process:
Candidates should submit their resume, a cover letter detailing their experience in climate modeling, and references to [Hiring Manager's Email] by [Application Deadline].
[University Name] is dedicated to promoting diversity and inclusion in its academic programs."
Computer_Science_Healthcare_Analytics_Research_Assistant_Job_Posting.docx,":
Machine Learning Innovations in Healthcare Analytics",":
The Department of Computer Science at [University Name] seeks a Research Assistant to contribute to a project applying machine learning techniques to healthcare analytics. This research aims to improve diagnostic accuracy, predict patient outcomes, and optimize healthcare delivery by analyzing large datasets of health records.
The successful candidate will develop machine learning models, perform data analysis, and work with healthcare professionals to implement AI-driven solutions in clinical settings. This role is ideal for candidates interested in data science, artificial intelligence, and healthcare technology.",":
- Develop and refine machine learning algorithms for health data analysis.
- Collaborate with medical experts to understand healthcare challenges.
- Analyze data to identify patterns and predict health outcomes.
- Publish findings in academic journals and present at technology conferences.
- Contribute to the development of tools for real-time health monitoring.",":
- Bachelor’s or Master’s degree in Computer Science, Data Science, or a related field.
- Experience with machine learning frameworks and statistical analysis tools.
- Strong programming skills in Python, R, or similar languages.
- Excellent analytical skills and attention to detail.
- Strong communication skills and the ability to work in interdisciplinary teams.
Application Process:
Interested candidates should submit their resume, a cover letter detailing their experience in machine learning and healthcare analytics, and references to [Hiring Manager's Email] by [Application Deadline].
[University Name] is committed to diversity and inclusion in all aspects of recruitment and employment."
Linguistics_Language_Preservation_Research_Assistant_Job_Posting.docx,":
Documenting and Preserving Endangered Languages",":
The Department of Linguistics at [University Name] seeks a Research Assistant to contribute to a project focused on documenting and preserving endangered languages. This initiative aims to record, analyze, and archive languages at risk of extinction to ensure their continued study and revitalization.
The successful candidate will conduct field research, collect linguistic data, and work with native speakers and communities to develop language preservation strategies. This role is ideal for candidates with a passion for sociolinguistics, anthropology, and cultural preservation.",":
- Conduct fieldwork to record and document endangered languages.
- Collaborate with native speakers to develop educational and preservation resources.
- Analyze linguistic data to understand language structure and usage.
- Prepare reports and academic papers to disseminate research findings.
- Engage with the public and academic communities to raise awareness about language preservation.",":
- Bachelor’s or Master’s degree in Linguistics, Anthropology, or a related field.
- Experience with field linguistics or language documentation projects.
- Proficiency in phonetic transcription and linguistic analysis.
- Excellent communication skills and sensitivity to cultural differences.
- Commitment to the ethical aspects of working with indigenous and minority communities.
Application Process:
Candidates should submit their resume, a cover letter outlining their experience in language documentation, and references to [Hiring Manager's Email] by [Application Deadline].
[University Name] is committed to promoting diversity and inclusion in its academic programs."
Geology_Sustainable_Mining_Research_Assistant_Job_Posting.docx,":
Eco-Friendly Mining Techniques",":
The Department of Geology at [University Name] is seeking a Research Assistant to join a project focused on developing sustainable mining practices. This research aims to minimize the environmental impact of mining operations through innovative techniques and technologies.
The successful candidate will assist in field studies, collect geological samples, analyze data to assess environmental impacts, and collaborate with environmental scientists to develop sustainable mining solutions. This role is perfect for candidates interested in environmental geology, resource management, and conservation.",":
- Conduct field research and collect geological samples at mining sites.
- Analyze mineral compositions and their environmental impacts.
- Develop methods for reducing waste and pollution in mining operations.
- Collaborate with engineers to implement sustainable mining technologies.
- Prepare scientific reports and present findings at industry and academic conferences.",":
- Bachelor’s or Master’s degree in Geology, Environmental Science, or a related field.
- Experience in field geology or environmental impact assessment.
- Strong analytical skills and proficiency with geological testing equipment.
- Commitment to environmental conservation and sustainable practices.
- Excellent communication and teamwork skills.
Application Process:
Candidates should submit their CV, a cover letter detailing their experience in sustainable mining practices, and references to [Hiring Manager's Email] by [Application Deadline].
[University Name] is committed to diversity and promoting sustainability in all its operations."
Economics_Digital_Currencies_Global_Trade_Research_Assistant_Job_Posting.docx,":
Analyzing the Economic Impact of Digital Currencies",":
The Department of Economics at [University Name] seeks a Research Assistant to join a project analyzing the impact of digital currencies on global trade. This research aims to understand how cryptocurrencies and digital payment systems are transforming international trade dynamics and financial regulations.
The successful candidate will conduct economic analyses, collaborate with financial experts, and use statistical tools to assess the effects of digital currencies on trade flows, monetary policies, and financial stability. This role is ideal for candidates interested in financial economics, international trade, and the evolving landscape of digital finance.",":
- Analyze trade data to assess the impact of digital currencies.
- Collaborate with financial institutions to gather insights on digital payment trends.
- Develop economic models to predict future trends in digital finance.
- Publish research findings in journals and present at economic forums.
- Engage with policymakers to discuss implications for financial regulation.",":
- Bachelor’s or Master’s degree in Economics, Finance, or a related field.
- Experience with economic modeling and data analysis.
- Knowledge of digital currencies and international trade.
- Strong analytical skills and proficiency with statistical software.
- Excellent communication skills and the ability to work in a dynamic environment.
Application Process:
Candidates should submit their resume, a cover letter outlining their experience with digital currencies and economic analysis, and references to [Hiring Manager's Email] by [Application Deadline].
[University Name] is dedicated to fostering a diverse and inclusive academic community."
Chemical_Engineering_Renewable_Energy_Research_Assistant_Job_Posting.docx,":
Developing Advanced Materials for Renewable Energy",":
The Department of Chemical Engineering at [University Name] seeks a Research Assistant to join a project aimed at developing advanced materials for renewable energy applications. This research focuses on creating efficient, cost-effective, and sustainable energy solutions such as solar panels, batteries, and biofuels.
The successful candidate will work on synthesizing new materials, testing their energy conversion efficiencies, and scaling up successful prototypes for commercial use. This role is perfect for candidates with an interest in materials science, sustainable technology, and environmental impact reduction.",":
- Synthesize and characterize new materials for energy applications.
- Conduct experiments to test the efficiency and durability of these materials.
- Collaborate with industry partners to apply findings in real-world settings.
- Publish research results and present findings at international conferences.
- Participate in grant writing and project reporting activities.",":
- Bachelor’s or Master’s degree in Chemical Engineering, Materials Science, or a related field.
- Experience in materials synthesis, characterization, and data analysis.
- Knowledge of renewable energy technologies and their market implications.
- Strong problem-solving skills and proficiency in experimental design.
- Excellent communication and teamwork abilities.
Application Process:
Candidates should submit their resume, a cover letter detailing their experience and aspirations in renewable energy research, and references to [Hiring Manager's Email] by [Application Deadline].
[University Name] is committed to promoting sustainable practices in all its operations."
History_Digital_Archiving_Research_Assistant_Job_Posting (1).docx,":
Preserving Historical Documents through Digital Technologies",":
The Department of History at [University Name] is seeking a Research Assistant to participate in a project dedicated to digital archiving and preservation of historical documents. This initiative focuses on using digital technologies to archive, catalog, and make accessible historical texts and artifacts that are at risk of deterioration.
The successful candidate will work on digitizing documents, developing databases for archival materials, and collaborating with technologists to implement preservation solutions. This role is ideal for candidates interested in digital humanities, archival science, and historical preservation.",":
- Digitize and catalog historical documents and artifacts.
- Develop and manage databases for archival materials.
- Collaborate with IT specialists to enhance digital preservation methods.
- Conduct research on best practices in digital archiving.
- Prepare presentations and reports on the project's progress and findings.",":
- Bachelor’s or Master’s degree in History, Archival Science, or a related field.
- Experience with digital archiving tools and database management.
- Strong organizational skills and attention to detail.
- Knowledge of preservation techniques and historical research methods.
- Excellent communication skills and ability to work collaboratively.
Application Process:
Candidates should submit their resume, a cover letter detailing their experience in digital archiving, and references to [Hiring Manager's Email] by [Application Deadline].
[University Name] is committed to fostering a diverse and inclusive academic environment."
Biomedical_Engineering_Wearable_Health_Devices_Research_Assistant_Job_Posting.docx,":
Innovation in Wearable Health Technologies",":
The Department of Biomedical Engineering at [University Name] is seeking a Research Assistant to participate in a project focused on developing wearable health monitoring devices. This research aims to innovate in the design and functionality of devices that can continuously monitor health metrics such as heart rate, blood pressure, and glucose levels.
The successful candidate will work on device design, sensor integration, data analysis, and clinical testing to ensure the accuracy and efficacy of the health monitors. This role is ideal for candidates with an interest in medical devices, sensor technology, and healthcare innovation.",":
- Assist in the design and development of wearable health devices.
- Conduct experiments to test device functionality and reliability.
- Analyze data from device sensors to improve measurement accuracy.
- Collaborate with healthcare professionals to test devices in clinical settings.
- Prepare research findings for publication and present at healthcare and technology conferences.",":
- Bachelor’s or Master’s degree in Biomedical Engineering, Electrical Engineering, or a related field.
- Experience with sensor technology and data analysis.
- Knowledge of healthcare applications and regulatory standards.
- Strong problem-solving skills and technical expertise.
- Excellent communication and teamwork skills.
Application Process:
Candidates should submit their resume, a cover letter detailing their experience and interest in wearable health technologies, and references to [Hiring Manager's Email] by [Application Deadline].
[University Name] is committed to advancing health technology through innovative research."
Political_Science_AI_Policy_Research_Assistant_Job_Posting.docx,":
Shaping Policies for Ethical AI Implementation",":
The Department of Political Science at [University Name] seeks a Research Assistant to join a project focused on developing policies for the ethical implementation of artificial intelligence. This research aims to analyze the social, economic, and ethical implications of AI technologies and propose frameworks to govern their use.
The successful candidate will collaborate with policymakers, technologists, and ethicists to draft policy proposals, participate in public discussions, and help create guidelines that ensure AI technologies benefit society while minimizing risks. This role is ideal for candidates interested in technology policy, governance, and ethics.",":
- Research and analyze the impact of AI technologies on society.
- Assist in drafting policy documents and regulatory proposals.
- Engage with stakeholders to gather insights and feedback.
- Prepare reports and presentations for policy discussions.
- Contribute to academic publications and public education on AI ethics.",":
- Bachelor’s or Master’s degree in Political Science, Public Policy, or a related field.
- Experience with policy analysis, particularly in technology or ethics.
- Strong understanding of AI technologies and their potential impacts.
- Excellent analytical and communication skills.
- Ability to work effectively in a multidisciplinary team.
Application Process:
Candidates should submit their resume, a cover letter detailing their experience and interest in AI policy development, and references to [Hiring Manager's Email] by [Application Deadline].
[University Name] is dedicated to promoting responsible governance and ethical technology use."
