Filename,Objective,Skills,Education,Work Experience,Certifications,Languages,Interests
Jane_Doe_CV.docx,"Aspiring marketing professional currently pursuing a Bachelor's degree in Marketing at the University of Chicago, seeking to leverage analytical and creative",,"University of Chicago
B.A. in Marketing, September 2020 - Expected June 2024
Relevant Coursework: Consumer Behavior, Digital Marketing Strategies, Market Research, Brand Management
GPA: 3.85
Springfield Central High School
High School Diploma, June 2020
GPA: 3.9","Marketing Assistant - Springfield Marketing Solutions, Springfield, IL, June 2023 to Present
Developed a comprehensive social media strategy, increasing follower engagement by 30% within six months.
Collaborated with the sales team to synchronize marketing campaigns with promotional sales activities, resulting in a 15% increase in campaign ROI.
Managed the production of marketing collateral, including brochures and email campaigns, enhancing brand visibility.
Sales Associate - TechGear, Springfield, IL, September 2021 to May 2023
Provided exceptional customer service, contributing to a 20% increase in customer satisfaction ratings.
Excelled in product knowledge, leading to a 15% increase in upselling.
Recognized as Employee of the Month twice for achieving top sales in a competitive retail environment.","HubSpot Content Marketing Certified - HubSpot Academy, 2023
Google Ads Certification - Google, 2023","English (Native), Spanish (Conversational)","Photography, Blogging about technology trends, Traveling
References
Available upon request."
Arjun_Patel_CV.docx,"Dedicated and analytical finance professional with a Bachelor's degree in Applied Mathematics and Statistics from the University of Mumbai. Adept at applying quantitative analysis and data modeling to solve complex financial problems, seeking a challenging role in financial analysis or data science.","Advanced Statistical Analysis, Financial Modeling, Machine Learning, Python, R, SQL, Data Visualization","University of Mumbai
B.Sc. in Applied Mathematics and Statistics, July 2019 - May 2022
Relevant Coursework: Probability and Statistics, Financial Mathematics, Econometrics, Operations Research
GPA: 8.6/10","Data Analyst - FinTech Solutions, Mumbai, India, June 2021 to Present
Led a team in developing predictive models that increased the accuracy of stock market forecasts by 75%.
Implemented machine learning algorithms to analyze large datasets, improving investment strategies.
Presented data-driven insights to stakeholders, influencing key investment decisions.
Research Assistant - University of Mumbai, Department of Mathematics, January 2020 to May 2021
Conducted research on statistical models for risk assessment in financial markets.
Co-authored a paper published in the ""Journal of Applied Mathematics and Statistics.""
Developed an optimization model for resource allocation that reduced costs by 20% in a university project.","Certified Financial Analyst (CFA) Level I - CFA Institute, 2022
Data Science Certification - Coursera, 2021","English (Fluent), Hindi (Native), Marathi (Fluent)","Financial Markets, Data Science, Cricket
References
Available upon request."
Emma_Dubois_CV.docx,"Dynamic and proactive Business Administration graduate from Sorbonne University with a focus on International Business, possessing extensive volunteer and freelance experience. Skilled in strategic planning, project management, and cross-cultural communication, aiming to contribute to a multinational company's success.","Strategic Planning, Market Analysis, Project Management, Financial Modeling, Multilingual Communication (French, English, Spanish)","Sorbonne University
Bachelor in Business Administration with a focus on International Business, September 2020 - June 2023
Relevant Coursework: Global Market Strategies, International Trade Laws, Business Communication, Organizational Behavior
GPA: 15/20","Freelance Business Consultant - Paris, France, January 2022 to Present
Advised small businesses on market entry strategies, leading to a 20% average increase in their market share within the first year.
Developed business plans and financial models for startups, aiding them in securing funding and strategic partnerships.
Business Development Intern - GlobalTech, Paris, France, June 2022 to August 2022
Conducted comprehensive market analysis for new product lines, identifying key growth opportunities.
Assisted in the coordination of international marketing campaigns, improving brand visibility in European markets.
Volunteer Experience
Volunteer Coordinator - Paris Community Outreach, Paris, France, September 2021 to Present
Led a team of 30 volunteers in organizing community service projects, benefiting over 500 local residents.
Coordinated logistics for charity events, raising over €10,000 for local causes.
Event Planner Volunteer - Green Earth Initiative, Paris, France, January 2020 to December 2021
Organized environmental awareness campaigns, engaging with over 1,000 participants.
Spearheaded a city-wide recycling program, resulting in a 25% increase in community recycling efforts.",,"French (Native), English (Fluent), Spanish (Intermediate)","Community Service, Sustainable Development, Travel
References
Available upon request."
Sofia_Fernandez_CV.docx,"Passionate Computer Science graduate from Universidad de Buenos Aires, specializing in software development and artificial intelligence. Combines academic knowledge with hands-on experience in freelancing projects and volunteer work, aiming to contribute innovative solutions in a tech-driven environment.","Software Development, Web Development, Artificial Intelligence, Problem-Solving, Team Leadership, Bilingual Communication (Spanish, English)","Universidad de Buenos Aires
Bachelor of Science in Computer Science, March 2019 - December 2022
Relevant Coursework: Algorithms and Data Structures, Artificial Intelligence, Database Management, Software Engineering
GPA: 8.5/10","Software Developer - Innovative Tech Solutions, Buenos Aires, Argentina, January 2023 to Present
Developed and maintained high-quality software solutions, optimizing operational efficiency by 30%.
Led a project that integrated AI capabilities into existing systems, enhancing user experience and performance.
Freelance Web Developer - Buenos Aires, Argentina, June 2021 to Present
Designed and deployed websites for small businesses, improving their online presence and customer engagement.
Implemented e-commerce solutions that increased clients' sales by an average of 40%.
Volunteer Experience
Tech Mentor - Code for All, Buenos Aires, Argentina, February 2020 to Present
Provided mentorship and training in coding and technology to underprivileged youth, contributing to over 100 students' learning journeys.
Developed a series of workshops on web development and basic programming, which have been adopted by local schools.
Volunteer Developer - Non-Profit Tech Hub, Buenos Aires, Argentina, January 2021 to December 2021
Contributed to developing a mobile app for a local NGO, enhancing their operational efficiency and outreach.
Collaborated with a team of developers to create a digital platform for community engagement and resource sharing.",,"Spanish (Native), English (Fluent)","Technology Innovation, Community Service, Music
References
Available upon request."
Zhang_Wei_CV.docx,"Innovative Mechanical Engineering graduate from Tsinghua University, with a specialization in automation and robotics. Seeking to apply expertise in engineering projects that focus on automation, robotics, and sustainable engineering solutions.","CAD/CAM Software, Robotics, Automation Systems, Project Management, Analytical Thinking, Bilingual Communication (Mandarin, English)","Tsinghua University
Bachelor of Engineering in Mechanical Engineering, September 2020 - July 2024
Relevant Coursework: Thermodynamics, Robotics, Automation Engineering, Material Science
GPA: 3.7/4.0","Engineering Intern - RoboInnovations, Beijing, China, July 2023 to September 2023
Assisted in the design and implementation of a robotic arm, resulting in a 20% increase in production efficiency.
Participated in the development of an automated quality control system, enhancing precision and reducing waste.
Project Assistant - Beijing Sustainable Engineering Solutions, Beijing, China, February 2022 to June 2023
Supported project management and coordination for sustainable urban development projects.
Conducted research and data analysis to optimize energy consumption in public buildings.",,"Mandarin (Native), English (Fluent)","Sustainable Engineering, Robotics, Hiking
References
Available upon request."
Sarah_Johnson_CV.docx,"Enthusiastic Environmental Sciences graduate from the University of Toronto with a passion for sustainable development and climate change mitigation. Seeking to apply a multidisciplinary approach to environmental consulting, integrating scientific research, policy analysis, and community engagement to foster sustainable solutions.","Environmental Impact Assessment, Data Analysis, Sustainability Strategy Development, Public Speaking, Project Management, Bilingual Communication (English, French)","al programs on recycling and conservation, reaching over 1,000 community members.
Volunteer - Global Wildlife Conservation, Toronto, Canada, September 2020 to May 2021
Participated in wildlife habitat restoration projects, planting over 1,000 native plants and trees.
Engaged in data collection and monitoring for local wildlife conservation studies.","Research Assistant - GreenEarth Initiative, Toronto, Canada, May 2023 to Present
Led a research project on urban biodiversity, contributing to the development of the city's green infrastructure plan.
Analyzed environmental data to support policy recommendations for local government sustainability initiatives.
Environmental Consultant Intern - EcoSolutions Consulting, Toronto, Canada, January 2022 to December 2022
Assisted in conducting environmental impact assessments for various construction projects.
Contributed to developing sustainability strategies for businesses, helping them reduce their carbon footprint.
Volunteer Experience
Community Outreach Coordinator - Toronto Environmental Network, Toronto, Canada, June 2021 to Present
Organized community clean-up events, resulting in over 500 volunteers participating and 2 tons of waste collected.
Developed",,"English (Native), French (Intermediate)","Wildlife Conservation, Sustainable Gardening, Photography
References
Available upon request."
Liam_Nguyen_CV.docx,"Creative and detail-oriented Digital Media and Graphic Design graduate from the University of Melbourne, with a strong portfolio of design projects, freelance experience, and a commitment to community engagement. Eager to apply design","Graphic Design, Digital Media Production, Social Media Marketing, Adobe Creative Suite, Photography and Videography, Client Relations","University of Melbourne
Bachelor of Arts in Digital Media and Graphic Design, February 2020 - November 2023
Relevant Coursework: Visual Communication, User Interface Design, Digital Photography, Media Production
GPA: 3.8/4.0","Graphic Design Intern - Creative Solutions, Melbourne, Australia, March 2023 to August 2023
Collaborated on design projects, contributing to the creation of branding materials, digital advertisements, and user interfaces.
Assisted in the development and implementation of social media campaigns, increasing client engagement by 25%.
Freelance Graphic Designer - Melbourne, Australia, January 2022 to Present
Provided graphic design services to local businesses, non-profits, and individual clients, creating logos, brochures, websites, and promotional materials.
Managed client projects from concept through to completion, ensuring client satisfaction and repeat business.
Volunteer Experience
Media Coordinator - Melbourne Community Arts Center, Melbourne, Australia, May 2021 to Present
Oversee the center's digital media and marketing efforts, including social media management and event promotion.
Design marketing materials for community events, workshops, and exhibitions, enhancing local engagement and participation.
Event Photographer - Various Charity Events, Melbourne, Australia, July 2020 to December 2022
Volunteered as a photographer for multiple charity events, providing professional-quality photos for event promotion and documentation.
Contributed to raising awareness and funds for local charities through visual storytelling.",,"English (Fluent), Vietnamese (Intermediate)","Visual Arts, Technology Trends, Cycling
References
Available upon request."
Maria_Rodriguez_CV.docx,"Accomplished Biomedical Engineer with a Master's degree from the Polytechnic University of Catalonia, specializing in medical imaging and device design. Combining deep technical expertise with practical experience in healthcare technology, seeking to contribute to innovative solutions in medical engineering.","Medical Device Design, 3D Bioprinting, Medical Image Processing, Software Development, Team Leadership, Multilingual: Spanish (Native), English (Fluent), Catalan (Fluent)","Polytechnic University of Catalonia
Master of Science in Biomedical Engineering, September 2021 - June 2023
Thesis: ""Development of a Novel Algorithm for Improved MRI Image Resolution""
GPA: 4.0/4.0
Bachelor of Science in Biomedical Engineering, September 2017 - June 2021
Focus: Medical Imaging and Device Design
GPA: 3.9/4.0","Biomedical Engineer - MedTech Innovations, Barcelona, Spain, July 2023 to Present
Lead a team in designing and testing a new wearable device that monitors and analyzes patient vital signs in real-time.
Collaborate with healthcare professionals to ensure product efficacy and user-friendliness in clinical settings.
Research Assistant - Polytechnic University of Catalonia, Department of Biomedical Engineering, September 2020 to June 2023
Participated in a pioneering research project on 3D bioprinting techniques, contributing to three published papers in peer-reviewed journals.
Developed software tools for medical image processing, enhancing the accuracy of diagnostic imaging.","Certified Clinical Engineer (CCE)
Professional Engineer (PE) in Biomedical Engineering","Spanish (Native), English (Fluent), Catalan (Fluent)","Healthcare Technology, 3D Printing, Hiking
References
Available upon request."
David_Kim_CV_corrected.docx,"Dynamic and results-oriented Finance and Economics graduate from Columbia University, with a proven track record in financial analysis, market research, and investment strategies. Aiming to leverage expertise in financial modeling and data analysis to drive business decisions and growth.","Financial Modeling, Economic Research, Data Analysis, Statistical Software (R, Python, SAS), Investment Strategy, Multilingual: English (Native), Korean (Fluent)","Columbia University
Master of Arts in Economics, September 2021 - May 2023
Thesis: ""The Impact of Monetary Policy on Stock Market Volatility""
GPA: 3.9/4.0
Bachelor of Science in Finance, September 2017 - May 2021
Minor: Data Science
GPA: 3.8/4.0","Financial Analyst - Wall Street Investment Group, New York, USA, June 2023 to Present
Conduct detailed financial analysis and modeling to support investment decisions, contributing to a 10% increase in portfolio performance.
Collaborate with the research team to analyze market trends and provide insights for the company's quarterly market outlook report.
Economic Research Assistant - Columbia University, Department of Economics, September 2020 to May 2023
Assisted professors in academic research, focusing on economic policies and their impact on market dynamics.
Utilized statistical software to analyze complex datasets, presenting findings in research papers and university seminars.","Chartered Financial Analyst (CFA) Level II Candidate
Certified Data Analyst (CDA)","English (Native), Korean (Fluent)","Financial Markets, Data Science, Basketball
References
Available upon request."
Emily_Chen_CV.docx,"Innovative and detail-oriented Architect with a Master's degree in Architecture from the University of California, Berkeley. Experienced in sustainable design, urban planning, and project management. Eager to contribute to innovative architectural projects that enhance community and sustainability.","Architectural Design, Sustainable Design, Urban Planning, Project Management, 3D Modeling (AutoCAD, SketchUp, Revit), Effective Communication","University of California, Berkeley
Master of Architecture, September 2021 - May 2023
Thesis: ""Incorporating Green Spaces in Urban Design: A Sustainable Approach""
GPA: 3.8/4.0
Bachelor of Arts in Architecture, September 2017 - May 2021
Minor: Urban Studies
GPA: 3.7/4.0","Architectural Designer - Modern Design Studio, San Francisco, USA, June 2023 to Present
Involved in all stages of the design process for residential and commercial projects, focusing on sustainable and energy-efficient solutions.
Collaborated with cross-functional teams to ensure design alignment with client needs and regulatory standards.
Junior Architect - Innovative Spaces, San Francisco, USA, July 2021 to May 2023
Assisted in the development and implementation of architectural plans and models for various construction projects.
Conducted research on materials and methods to support sustainable building practices.","LEED Accredited Professional
Certified Architectural Drafter","English (Native), Mandarin (Fluent)","Sustainable Architecture, Urban Gardening, Travel and Exploration
References
Available upon request."
Alex_Johnson_CV.docx,"Versatile and innovative Software Engineer with a Master's degree in Computer Science from Imperial College London. Specializing in artificial intelligence and machine learning, with a strong foundation in coding, system design, and agile methodologies. Seeking to apply technical",Programming,"Imperial College London
Master of Science in Computer Science, Specialization in Artificial Intelligence, September 2021 - June 2023
Dissertation: ""Enhancing Machine Learning Algorithms for Predictive Analytics in Healthcare""
GPA: 4.0/4.0
Bachelor of Engineering in Software Engineering, September 2017 - June 2021
Focus: System Architecture, Data Structures, and Algorithms
GPA: 3.8/4.0","Software Engineer - Tech Innovations Ltd., London, UK, July 2023 to Present
Developed and optimized AI-powered software solutions, improving operational efficiency by 30%.
Led a cross-functional team in adopting Agile methodologies, enhancing project delivery speed and team collaboration.
Software Developer Intern - StartUp Hub, London, UK, May 2022 to September 2022
Contributed to the development of a mobile application that streamlined user interaction, increasing user engagement by 25%.
Implemented new features and resolved bugs in an existing web-based platform, receiving positive feedback from the user testing group.","Certified Scrum Master (CSM)
Oracle Certified Professional, Java SE 8 Programmer","English (Native), Spanish (Fluent)","Coding Challenges, AI and Tech Blogs, Basketball
References
Available upon request."
Isabella_Martinez_CV.docx,"Passionate Environmental Scientist with a Master’s degree in Environmental Science and Policy from the University of British Columbia. Specialized in climate change advocacy and sustainable development policies, seeking to contribute to impactful environmental projects and policy-making processes.","Environmental Policy Analysis, Sustainable Development, Climate Change Advocacy, Data Analysis and Research, Public Speaking and Communication, Multilingual: English (Native), French (Fluent), Spanish (Intermediate)","University of British Columbia
Master of Science in Environmental Science and Policy, September 2021 - May 2023
Thesis: ""Policy Approaches for Climate Change Mitigation in Urban Areas""
GPA: 3.9/4.0
Bachelor of Science in Environmental Science, September 2017 - May 2021
Concentration: Conservation and Biodiversity
GPA: 3.7/4.0","Environmental Policy Analyst - Green Future Initiatives, Vancouver, Canada, June 2023 to Present
Conducted comprehensive policy analysis to support the development of sustainable urban planning initiatives.
Collaborated with government agencies and NGOs to implement climate change adaptation strategies.
Research Assistant - University of British Columbia, Department of Environmental Science, September 2020 to April 2023
Participated in a research project focused on the impact of climate change on coastal ecosystems.
Assisted in developing community outreach programs to promote environmental awareness and conservation.","Certified Environmental Scientist (CES)
Project Management Professional (PMP)","English (Native), French (Fluent), Spanish (Intermediate)","Environmental Activism, Hiking and Outdoor Activities, Sustainable Gardening
References
Available upon request."
Thomas_Lee_CV.docx,"Dedicated Civil Engineer with a Master’s degree in Civil Engineering from the University of Sydney, specializing in infrastructure design and urban development. With a solid foundation in project management and environmental sustainability, aiming to contribute to innovative and impactful civil engineering projects.",,"University of Sydney
Master of Engineering in Civil Engineering, Focus on Infrastructure Design, March 2021 - November 2023
Thesis: ""Innovative Approaches to Sustainable Urban Infrastructure""
GPA: 3.85/4.0
Bachelor of Engineering in Civil Engineering, Focus on Structural Engineering, March 2017 - November 2020
Capstone Project: ""Design of a Cost-Effective Residential Building with Sustainable Materials""
GPA: 3.75/4.0","Civil Engineer - BuildRight Engineering, Sydney, Australia, December 2023 to Present
Engaged in the design and analysis of various infrastructure projects, including bridges, roads, and water systems, emphasizing sustainability and community impact.
Collaborated with multidisciplinary teams to ensure project compliance with Australian engineering standards and environmental regulations.
Engineering Intern - City Infrastructure Group, Sydney, Australia, June 2022 to November 2023
Assisted in the planning and execution of urban development projects, gaining hands-on experience in site analysis, project estimation, and construction management.
Contributed to the development of an award-winning public park project that incorporated eco-friendly design elements and community spaces.","Registered Professional Engineer of Queensland (RPEQ)
Certified in Project Management (PMP)","English (Native), Mandarin (Fluent)","Sustainable Urban Planning, Photography, Hiking
References
Available upon request."
Sophia_Smith_CV.docx,"Dynamic and creative Marketing and Communications Specialist with a Master’s degree from Northwestern University. Skilled in developing effective marketing strategies, content creation, and digital media management. Looking to leverage expertise in a challenging environment to drive brand awareness and engagement.","Marketing Strategy Development, Content Creation and Management, Digital Media and Analytics, Event Planning and Coordination, Effective Communication and Presentation, Team Collaboration","Northwestern University
Master of Arts in Marketing and Communications, September 2021 - June 2023
Dissertation: ""Digital Marketing Strategies for Enhancing Customer Engagement in the Retail Industry""
GPA: 3.8/4.0
Bachelor of Arts in Communication Studies, September 2017 - June 2021
Minor: Business Administration
GPA: 3.6/4.0","Marketing Specialist - Branding Innovations, Chicago, USA, July 2023 to Present
Developed and implemented multi-channel marketing campaigns that increased customer engagement by 40%.
Coordinated market research studies to gather customer insights, guiding the strategic planning process.
Communications Coordinator - Citywide Events, Chicago, USA, August 2022 to June 2023
Managed communications and public relations for major city events, resulting in a 30% increase in event attendance.
Created engaging content for various platforms, including press releases, newsletters, and social media.","Certified Digital Marketing Professional (CDMP)
Google Analytics Certified","English (Native), Spanish (Fluent)","Digital Marketing Trends, Photography, Yoga
References
Available upon request."
Lucas_Garcia_CV.docx,"Resourceful and analytical Mechanical Engineer with a Master's degree from Technical University of Munich, specializing in automotive engineering. Possesses extensive experience in design, simulation, and optimization of mechanical systems. Eager to apply engineering expertise in a challenging role within the automotive industry.","Automotive Design and Engineering, Simulation and Analysis (ANSYS, SolidWorks), Project Management, Strong Problem-Solving Abilities, Effective Team Collaboration, Multilingual: German (Fluent), English (Fluent), Spanish (Intermediate)","Technical University of Munich
Master of Science in Mechanical Engineering, Specialization in Automotive Engineering, October 2021 - July 2023
Thesis: ""Enhancing Fuel Efficiency in Combustion Engines through Advanced Aerodynamic Designs""
GPA: 1.7 (German Scale, equivalent to 3.8/4.0)
Bachelor of Science in Mechanical Engineering, October 2017 - July 2021
Focus: Thermodynamics and Fluid Mechanics
GPA: 2.1 (German Scale, equivalent to 3.5/4.0)","Mechanical Engineer - AutoTech GmbH, Munich, Germany, August 2023 to Present
Involved in the design and development of innovative automotive components, contributing to a 15% improvement in vehicle efficiency.
Conducted simulations and analyses to optimize engine performance for new vehicle models.
Engineering Intern - MechSolutions Ltd., Munich, Germany, March 2022 to September 2022
Assisted in the development of a new suspension system, enhancing vehicle stability and passenger comfort.
Participated in cross-functional teams to solve engineering challenges, improving project delivery time by 20%.","Certified Professional Engineer (PE)
Six Sigma Green Belt","German (Fluent), English (Fluent), Spanish (Intermediate)","Automotive Innovation, Robotics and Automation, Mountain Biking
References
Available upon request."
Emma_Thompson_CV.docx,Innovative,"E-Learning Development, Instructional Design, Learning Management Systems (LMS), Data Analytics in",", Training and Development, Collaborative Teamwork",,Certified,"English (Native), French (Fluent)","EdTech Innovations, Coding and Programming, Reading and Literature
References
Available upon request."
Michael_Brown_CV.docx,"Dynamic Digital Marketing Specialist with a Bachelor’s degree in Marketing from the University of Washington. Skilled in SEO, social media marketing, and content creation, with proven experience in enhancing online brand presence and engagement. Seeking to apply digital marketing expertise to drive successful marketing strategies and campaigns.","Search Engine Optimization (SEO), Social Media Marketing, Content Creation and Strategy, Data Analysis and Reporting, Campaign Management, Creative Problem-Solving","University of Washington
Bachelor of Arts in Marketing, September 2018 - June 2022
Focus: Digital Marketing and Analytics
GPA: 3.6/4.0","Digital Marketing Coordinator - Innovatech Solutions, Seattle, USA, July 2022 to Present
Led SEO and SEM campaigns that increased organic search traffic by 40% within six months.
Managed the company’s social media profiles, growing follower base by 30% and enhancing engagement rates.
Marketing Assistant - BrandBoost Marketing Agency, Seattle, USA, July 2022 to December 2022
Assisted in developing and executing marketing strategies that resulted in a 25% increase in customer engagement.
Coordinated with the content team to produce marketing materials that align with brand identity and message.","Google Analytics Certified
HubSpot Content Marketing Certified",English (Native),"Digital Marketing Trends, Blogging, Hiking
References
Available upon request."
Natalie_Patel_CV.docx,"Creative and detail-oriented Graphic Designer with a Bachelor’s degree in Graphic Design from the University of the Arts London. Expertise in creating visual concepts, branding, and digital illustrations. Aiming to leverage design","Branding and Identity Design, Digital Illustration and Animation, Proficient in Adobe Creative Suite, Strong Conceptual and Creative Thinking, Effective Communication and Collaboration","University of the Arts London
Bachelor of Arts in Graphic Design, September 2018 - June 2022
Focus: Branding and Digital Illustration
GPA: First Class Honours","Graphic Designer - Creative Vision Studio, London, UK, July 2022 to Present
Developed branding and marketing materials for over 50 clients, enhancing their market presence and engagement.
Spearheaded the design of a digital campaign for a major retail client, resulting in a 20% increase in online sales.
Junior Graphic Designer - DesignWorks Agency, London, UK, July 2022 to December 2022
Assisted in the creation of visual assets for various media, including web, print, and social media.
Collaborated with the marketing team to align design strategies with overall brand goals.","Adobe Certified Expert (ACE)
Professional Diploma in Graphic Design","English (Native), Hindi (Fluent)","Art and Design Trends, Digital Photography, Travel and Culture
References
Available upon request."
Daniel_Martinez_CV.docx,"Analytical and results-driven Data Analyst with a Bachelor’s degree in Data Science from Boston University. Proficient in statistical analysis, data visualization, and predictive modeling. Aiming to leverage data-driven insights to contribute to informed decision-making and strategic planning in a dynamic business environment.","Data Collection and Cleaning, Statistical Analysis and Predictive Modeling, Data Visualization (Tableau, Power BI), Programming (Python, R, SQL), Critical Thinking and Problem-Solving, Effective Communication and Collaboration","Boston University
Bachelor of Science in Data Science, September 2018 - May 2022
Focus: Statistical Analysis and Predictive Modeling
GPA: 3.8/4.0","Data Analyst - Insightful Analytics, Boston, USA, June 2022 to Present
Implemented advanced data analysis and visualization techniques, enhancing business intelligence and supporting strategic decisions.
Developed predictive models that increased the accuracy of sales forecasts by 25%.
Data Analysis Intern - Market Trends Inc., Boston, USA, January 2022 to May 2022
Assisted in the analysis of large datasets to identify market trends and consumer preferences.
Contributed to the development of an automated reporting tool, reducing data processing time by 30%.","Certified Data Analyst (CDA)
Tableau Desktop Qualified Associate","English (Native), Spanish (Fluent)","Data Science Trends, Machine Learning, Basketball
References
Available upon request."
Olivia_Johnson_CV.docx,"Engaging and strategic Public Relations Specialist with a Bachelor’s degree in Communications from New York University. Expert in media relations, brand management, and event planning, with a track record of enhancing company reputation and public image. Eager to leverage communication","Media Relations, Brand Management, Event Planning and Execution, Crisis Communication, Strategic Planning, Content Creation","New York University
Bachelor of Arts in Communications, September 2018 - May 2022
Focus: Media Relations and Brand Management
GPA: 3.7/4.0","Public Relations Coordinator - Bright Image PR, New York, USA, June 2022 to Present
Developed and executed public relations strategies that increased media coverage by 25% within the first year.
Managed relationships with key media personnel to enhance brand visibility and reputation.
PR Assistant - Elite Events, New York, USA, June 2022 to December 2022
Assisted in organizing high-profile events, contributing to successful launches and promotional activities.
Supported crisis management efforts, helping to maintain a positive public image during challenging situations.","Accredited in Public Relations (APR)
Certified Event Planning Specialist (CEPS)",English (Native),"Event Management, Photography, Traveling
References
Available upon request."
Jason_Lee_CV.docx,"Dedicated Environmental Engineer with a Bachelor’s degree in Environmental Engineering from the University of California, Berkeley. Specialized in water resource management and sustainable development, with practical experience in environmental impact assessments and waste management solutions. Seeking to contribute to environmentally sustainable projects in a progressive organization.",,"University of California, Berkeley
Bachelor of Science in Environmental Engineering, September 2018 - May 2022
Focus: Water Resource Management and Sustainable Development
GPA: 3.7/4.0","Environmental Engineer - Green Solutions Inc., San Francisco, USA, June 2022 to Present
Engaged in the design and implementation of water treatment and waste management systems, reducing environmental impact for various clients.
Conducted environmental impact assessments for new development projects, ensuring compliance with state and federal regulations.
Engineering Intern - EcoTech Consulting, San Francisco, USA, June 2021 to August 2021
Assisted in research and analysis of local environmental conditions to support project planning and decision-making.
Participated in fieldwork to collect data for the development of sustainable urban planning strategies.","Certified Environmental Engineer (CEE)
LEED Green Associate","English (Native), Spanish (Conversational)","Sustainable Development, Outdoor Activities, Volunteering for Environmental Causes
References
Available upon request."
Hannah_Kim_CV.docx,Innovative Software Developer with a Bachelor’s degree in Computer Science from the University of Texas at Austin. Expert in developing scalable web applications and improving software efficiency. Committed to leveraging programming,"Web Application Development, Agile and Scrum Methodologies, Proficient in Java, Python, and JavaScript, Database Management, Problem-Solving, Team Collaboration","University of Texas at Austin
Bachelor of Science in Computer Science, August 2018 - May 2022
Specialization: Web Development and Software Engineering
GPA: 3.8/4.0","Software Developer - TechSolutions Inc., Austin, Texas, USA, July 2022 to Present
Designed and implemented robust web applications that improved user engagement by 35%.
Collaborated in an agile development team to optimize software solutions for speed and efficiency.
Software Engineer Intern - Innovative Apps Co., Austin, Texas, USA, June 2021 to August 2021
Contributed to the development of mobile applications, focusing on intuitive user interfaces and seamless functionality.
Participated in code reviews and debugging sessions to enhance application performance and reliability.","Oracle Certified Associate, Java SE 8 Programmer
Certified ScrumMaster (CSM)","English (Native), Korean (Fluent)","Software Development Trends, Open Source Contribution, Cycling
References
Available upon request."
Amina_Patel_CV.docx,"Passionate Environmental Scientist with a Bachelor’s degree in Environmental Science from the University of Cape Town. Specialized in biodiversity conservation and ecological research, with hands-on experience in fieldwork and environmental impact assessments. Dedicated to contributing to conservation efforts and sustainable environmental practices.","Biodiversity Conservation, Ecological Field Research, Environmental Impact Assessment, Geographic Information Systems (GIS), Data Analysis and Reporting, Community Engagement","University of Cape Town
Bachelor of Science in Environmental Science, January 2018 - December 2021
Major: Biodiversity Conservation
GPA: 4.0/4.0 (First Class Honours)","Environmental Scientist - GreenFuture Consultancy, Cape Town, South Africa, January 2022 to Present
Conducted field research and data analysis to support biodiversity conservation projects.
Prepared and presented environmental impact assessment reports for local government agencies.
Research Assistant - Cape Conservation Group, Cape Town, South Africa, February 2021 to December 2021
Assisted in collecting and analyzing ecological data for various conservation initiatives.
Engaged with local communities to promote environmental awareness and sustainable practices.","GIS and Remote Sensing Certification
Certified Wildlife Biologist","English (Fluent), Afrikaans (Conversational), Xhosa (Basic)","Wildlife Conservation, Hiking and Outdoor Exploration, Community Volunteering
References
Available upon request."
Raj_Singh_CV.docx,"Astute Finance Professional with a Bachelor’s degree in Finance from the University of Mumbai. Skilled in financial analysis, budgeting, and investment strategy. Proven track record of optimizing financial processes and enhancing profitability. Eager to apply financial expertise to drive business success and financial efficiency in a dynamic corporate environment.",,"University of Mumbai
Bachelor of Commerce in Finance, June 2018 - May 2021
Focus: Corporate Finance and Investment Strategy
GPA: 3.8/4.0","Financial Analyst - ProFinance Consultants, Mumbai, India, July 2021 to Present
Conducted detailed financial analysis for various clients, identifying opportunities for revenue enhancement and cost reduction.
Played a key role in developing investment strategies that increased client portfolio returns by 20%.
Finance Intern - Market Leaders Inc., Mumbai, India, January 2021 to June 2021
Assisted in the preparation of quarterly financial reports and budget forecasts.
Supported the finance team in streamlining accounting processes, resulting in a 15% improvement in efficiency.","Chartered Financial Analyst (CFA) Level I
Certified Financial Planner (CFP)","English (Fluent), Hindi (Native)","Financial Markets, Reading Economic Literature, Cricket
References
Available upon request."
Santiago_Ramirez_CV.docx,"Resourceful Physicist with a Ph.D. in Physics from the University of Costa Rica, specializing in semiconductor devices and energy efficiency. Committed to developing innovative solutions that enhance device performance and sustainability in the tech industry.","Semiconductor Physics, Nanostructuring Techniques, Energy Efficiency Optimization, Scientific Research and Development, Advanced Data Analysis (Python, MATLAB), Cross-functional Team Leadership","University of Costa Rica
Ph.D. in Physics, August 2016 - December 2020
Dissertation: ""Optimization of Energy Efficiency in Semiconductor Devices Through Nanostructuring""
GPA: 3.9/4.0
Master of Science in Physics, January 2014 - July 2016
Thesis: ""Thermal Management in High-Power Semiconductor Devices""
GPA: 3.8/4.0
Bachelor of Science in Physics, January 2010 - December 2013
Focus: Applied Physics and Electronics
GPA: 3.7/4.0","Research Scientist - TechInnovate Solutions, San José, Costa Rica, January 2021 to Present
Led the R&D team in developing high-efficiency semiconductor materials, resulting in a 25% improvement in device performance.
Collaborated with international semiconductor manufacturers to integrate new materials into existing product lines.
Junior Physicist - National Laboratory of Nanotechnology, San José, Costa Rica, August 2016 to December 2020
Conducted experiments on semiconductor materials to assess their electrical and thermal properties.
Published over 10 peer-reviewed papers on semiconductor technology and its applications in renewable energy.","Certified Semiconductor Professional (CSP)
Project Management Professional (PMP)","Spanish (Native), English (Fluent)","Technological Innovation, Renewable Energy, Hiking and Outdoor Activities
References
Available upon request."
Sophia_Bell_CV.docx,"Dedicated Biologist with a Master’s degree in Genomic Sciences from the University of Toronto, focusing on genetic markers for disease resistance in crops. Aiming to contribute to agricultural advancements through cutting-edge genomic research.",,"University of Toronto, Toronto, Canada
Master of Science in Genomic Sciences, September 2017 - August 2019
Thesis: ""Identifying Genetic Markers for Disease Resistance in Wheat""
GPA: 3.9/4.0
Bachelor of Science in Biology, September 2013 - June 2017
Major: Molecular Biology
GPA: 3.7/4.0","Research Scientist - GenAgri Labs, Toronto, Canada, September 2019 to Present
Conducted DNA sequencing and analysis to identify disease resistance traits in agricultural crops.
Collaborated with agricultural companies to apply research findings in developing resistant crop varieties.
Lab Assistant - University of Toronto, Department of Biology, Toronto, Canada, September 2015 to August 2017
Supported senior researchers in genetic analysis and data collection for various research projects.
Managed laboratory equipment and supplies, ensuring optimal operation conditions for all experiments.",Certified Genetic Analyst (CGA),English (Fluent),"Agricultural Innovation, Sustainable Farming Practices, Hiking
References
Available upon request."
Alex_Johnson_CV urban.docx,Environmental Scientist with a specialization in air quality monitoring from the University of Sydney. Experienced in deploying and managing urban air quality monitoring networks to provide actionable insights for public health.,"Urban Air Quality Monitoring, Data Analysis and Interpretation, Environmental Policy Support, Geographic Information Systems (GIS), Project Management, Public Speaking","University of Sydney, Sydney, Australia
Master of Environmental Science, March 2015 - December 2017
Focus: Urban Air Quality Monitoring
GPA: 3.8/4.0
Bachelor of Science in Environmental Studies, March 2011 - December 2014
Major: Atmospheric Sciences
GPA: 3.6/4.0","Senior Environmental Analyst - AirQual Monitoring, Sydney, Australia, January 2018 to Present
Lead a team in deploying urban air quality sensors across major city districts to measure pollutants and advise city planning.
Analyze air quality data and provide reports to governmental agencies to help shape public health policies.
Environmental Technician - GreenTech Solutions, Sydney, Australia, January 2015 to December 2017
Managed field operations for air sampling and data collection in various urban and rural settings.
Contributed to the development of a real-time air pollution alert system for the Sydney metropolitan area.",Certified Environmental Scientist (CES),English (Fluent),"Sustainable Urban Development, Climbing, Photography
References
Available upon request."
Maria_Rodriguez_CV biotechnology.docx,"Biotechnologist with a Ph.D. in Agricultural Biotechnology from Autonomous University of Madrid, dedicated to developing sustainable agricultural practices to enhance food security globally. Skilled in the use of biotechnological innovations to improve crop yield and resistance.","Genetic Engineering, Microbial Biotechnology, Project Management, Data Analysis (R, Python), Scientific Writing, Public Speaking","Autonomous University of Madrid, Madrid, Spain
Ph.D. in Agricultural Biotechnology, September 2014 - June 2018
Dissertation: ""Genetic Engineering Techniques for Increased Crop Resistance""
GPA: 3.9/4.0
Master of Science in Biotechnology, September 2012 - June 2014
Thesis: ""Microbial Biotechnology for Sustainable Agriculture""
GPA: 3.7/4.0
Bachelor of Science in Biology, September 2008 - June 2012
Focus: Plant Genetics and Biotechnology
GPA: 3.5/4.0","Lead Biotechnologist - AgriGen Solutions, Madrid, Spain, July 2018 to Present
Directed research projects focused on developing genetically modified crops that can thrive in arid conditions.
Collaborated with international agribusinesses to implement sustainable farming technologies.
Research Assistant - Institute for Plant Sciences, Madrid, Spain, September 2012 to June 2018
Contributed to pioneering research on plant-microbe interactions and their implications for crop health and soil fertility.
Published several papers in international journals on sustainable biotechnological applications in agriculture.",Certified Biotechnology Specialist (CBS),"Spanish (Native), English (Fluent)","Sustainable Farming, Environmental Conservation, Traveling
References
Available upon request."
Min-jun_Kim_CV.docx,"Archaeologist with a Ph.D. from Seoul National University, specializing in the impact of climate change on ancient civilizations. Committed to integrating archaeological findings with environmental data to understand historical climate impacts and inform modern responses.","Field Archaeology, Climate Data Analysis, Historical Research, Geographic Information Systems (GIS), Data Modeling, Team Leadership","Seoul National University, Seoul, South Korea
Ph.D. in Archaeology, March 2014 - February 2019
Dissertation: ""Climate Change and Its Impact on the Agricultural Practices of Ancient East Asian Civilizations""
GPA: 4.0/4.0
Master of Arts in Archaeology, March 2012 - February 2014
Thesis: ""Early Settlement Patterns in the Korean Peninsula: An Environmental Perspective""
GPA: 3.8/4.0
Bachelor of Arts in History, March 2008 - February 2012
Focus: East Asian History
GPA: 3.6/4.0","Senior Archaeologist - Korea Heritage Research Institute, Seoul, South Korea, March 2019 to Present
Lead research teams in multidisciplinary studies combining archaeological methods with environmental analysis.
Developed predictive models for locating archaeological sites based on historical climate data.
Field Archaeologist - Cultural Heritage Administration, Seoul, South Korea, March 2012 to February 2019
Conducted extensive fieldwork across various historical sites in South Korea, focusing on early agricultural communities.
Collaborated with environmental scientists to assess the impact of ancient farming techniques on local ecosystems.",Certified Professional Archaeologist (CPA),"Korean (Native), English (Fluent)","Historical Climate Studies, Hiking, Traditional East Asian Art
References
Available upon request."
Thomas_Wright_CV.docx,"Urban Planner with a Master’s degree in Urban Design from University College London, focused on smart city solutions to enhance urban living through technology and sustainable practices. Expert in integrating IoT and data analytics to improve the efficiency of urban infrastructure.","Smart City Design, IoT Integration, Sustainable Development, Stakeholder Engagement, GIS Applications, Data Analysis","University College London, London, UK
Master of Urban Design, September 2015 - June 2017
Thesis: ""Integrating IoT Technologies into Urban Planning for Smart City Solutions""
GPA: Distinction (UK grading scale)
Bachelor of Science in Urban Studies, September 2011 - June 2015
Focus: Sustainable Urban Development
GPA: First Class Honours (UK grading scale)","Urban Development Specialist - SmartCity Innovations, London, UK, July 2017 to Present
Lead designer in several urban renewal projects incorporating smart technologies to reduce energy consumption and enhance resident connectivity.
Conducted workshops and seminars on the benefits of smart cities and sustainable urban environments for public officials and stakeholders.
Planning Assistant - London City Planning Office, London, UK, September 2015 to June 2017
Assisted in the development and implementation of urban planning policies aimed at increasing the use of renewable energy sources within city infrastructures.
Participated in public consultations to gather community input and align projects with the needs of local residents.",Certified Smart City Planner (CSCP),English (Native),"Technological Innovation in Urban Areas, Cycling, Urban Gardening
References
Available upon request."
Nina_Patel_CV.docx,"Accomplished Neuroscientist with a Ph.D. from Massachusetts Institute of Technology, specializing in brain-computer interfaces. Aiming to revolutionize how humans interact with technology through advanced neurological research and practical applications.","Brain-Computer Interface Development, Advanced Signal Processing, Neuroimaging Techniques, Computational Modeling, Data Analysis (Python, MATLAB), Leadership and Project Management","Massachusetts Institute of Technology (MIT), Boston, USA
Ph.D. in Neuroscience, September 2016 - June 2020
Dissertation: ""Developing Enhanced Brain-Computer Interfaces for Augmented Neurological Functions""
GPA: 4.0/4.0
Master of Science in Neuroscience, September 2014 - August 2016
Thesis: ""Optimizing Signal Processing Algorithms for Brain-Computer Interfaces""
GPA: 4.0/4.0
Bachelor of Science in Biological Engineering, September 2010 - June 2014
Focus: Computational Models in Neuroengineering
GPA: 3.9/4.0","Lead Neuroengineer - NeuroTech Innovations, Boston, USA, July 2020 to Present
Headed a team that developed a state-of-the-art brain-computer interface prototype that has improved user cognitive response times by 30%.
Partnered with technology firms to integrate brain-computer interface technologies into consumer products.
Research Assistant - MIT Brain and Cognitive Sciences, Boston, USA, September 2014 to June 2020
Conducted groundbreaking research that contributed to advances in neural decoding and interfacing technology.
Published over 15 peer-reviewed articles in high-impact journals on neuroscience and bioengineering.","Certified Neuroscientist (CNS)
Professional Engineer in Neuroengineering (PEN)","English (Native), Hindi (Fluent)","Technological Innovations in Neuroscience, Artificial Intelligence in Medicine, Rock Climbing
References
Available upon request."
Elena_Moreno_CV.docx,"Dynamic Sports Scientist with a Master's degree from the University of Madrid, specializing in athletic performance and recovery. Dedicated to applying advanced sports science techniques to enhance athlete performance, reduce injury rates, and optimize recovery processes.","Athletic Performance Enhancement, Injury Prevention and Recovery, Biometric Data Analysis, Rehabilitation Techniques, Team Collaboration and Communication",.,"Sports Scientist - Real Madrid Football Club, Madrid, Spain, July 2017 to Present
Developed individualized conditioning and recovery programs that reduced player injuries by 20% over the past season.
Implemented cutting-edge biometric monitoring tools to track athlete performance and fatigue levels, enhancing game-time decision-making.
Physical Therapist Assistant - Madrid Sports Clinic, Madrid, Spain, September 2015 to June 2017
Assisted in the rehabilitation of athletes from various sports, focusing on accelerating recovery times while ensuring safety.
Conducted research on muscle recovery techniques and their effectiveness, contributing to clinic practices and athlete","Certified Strength and Conditioning Specialist (CSCS)
Licensed Physical Therapist (Spain)","Spanish (Native), English (Fluent)","High-Performance Sports, New Technologies in Sports Science, Marathon Running
References
Available upon request."
James_Lee_CV.docx,"Experienced Cybersecurity Expert with a Master’s degree in Cybersecurity from Stanford University, focusing on the security challenges and solutions for Internet of Things (IoT) devices. Dedicated to enhancing the security frameworks of IoT ecosystems to protect against sophisticated cyber threats.","IoT Security, Vulnerability Assessment, Network Security, Cryptography, Incident Response, Data Protection","Stanford University, Stanford, CA, USA
Master of Science in Cybersecurity, September 2016 - June 2018
Thesis: ""Security Protocols for IoT Devices in Smart Home Environments""
GPA: 3.9/4.0
Bachelor of Science in Computer Science, September 2012 - June 2016
Concentration: Network Security
GPA: 3.7/4.0","Cybersecurity Analyst - IoT Secure Inc., San Francisco, USA, July 2018 to Present
Lead a team of security analysts in developing advanced security measures specifically tailored for IoT devices across various industries.
Conducted comprehensive vulnerability assessments for IoT devices, significantly reducing potential security breaches.
IT Security Intern - TechGuard Security, San Francisco, USA, January 2016 to August 2016
Assisted in the development and implementation of security protocols for corporate networks and connected devices.
Participated in routine security audits and helped in crafting guidelines that improved overall network security.","Certified Information Systems Security Professional (CISSP)
Certified Ethical Hacker (CEH)",English (Native),"Emerging Technologies, AI in Cybersecurity, Mountain Biking
References
Available upon request."
Isabella_Martin_CV.docx,"Compassionate Social Worker with a Master’s degree in Social Work from Columbia University, specializing in mental health interventions in urban settings. Committed to designing and implementing programs that address mental health challenges and improve community well-being.",", Fluent in Spanish and English",", Strong Interpersonal and Communication","Licensed Clinical Social Worker - Urban Wellness Initiative, New York, USA, June 2018 to Present
Lead mental health counselor providing crisis intervention and ongoing therapy for individuals in high-stress urban environments.
Developed and facilitated workshops on mental health awareness and coping strategies for community members.
Social Work Intern - City Hospital, New York, USA, September 2017 to May 2018
Assisted in the assessment and treatment planning for patients with diverse psychiatric disorders.
Participated in interdisciplinary team meetings to coordinate care and advocate for patient needs within the hospital system.","Licensed Clinical Social Worker (LCSW)
Certified in Trauma-Focused Cognitive Behavioral Therapy (TF-CBT)","English (Native), Spanish (Fluent)","Urban Mental Health Advocacy, Volunteer Work, Yoga and Mindfulness
References
Available upon request."
Michael_Wong_CV.docx,"Innovative Robotics Engineer with a Master’s degree in Robotics Engineering from the University of Michigan, specializing in automation solutions for manufacturing. Committed to enhancing production efficiency and safety through advanced robotic systems.",,"University of Michigan, Ann Arbor, MI, USA
Master of Science in Robotics Engineering, September 2016 - May 2018
Thesis: ""Integration of AI in Robotic Systems for Improved Manufacturing Processes""
GPA: 3.9/4.0
Bachelor of Engineering in Mechanical Engineering, September 2012 - May 2016
Minor: Computer Science
GPA: 3.8/4.0","Robotics Engineer - AutomateTech Inc., Detroit, USA, June 2018 to Present
Led the design and implementation of robotic systems that increased production output by 40% while reducing labor costs.
Collaborated with cross-functional teams to develop AI-driven automation solutions tailored for automotive manufacturing.
Engineering Intern - Manufacturing Solutions Ltd., Detroit, USA, May 2016 to August 2016
Assisted in the research and development of robotic arms used in assembly lines, focusing on precision and efficiency.
Supported senior engineers in the setup and calibration of machinery, gaining hands-on experience in industrial automation.","Certified Automation Professional (CAP)
Advanced Robotics Certification (ARC)",English (Native),"Technological Advancements in Automation, DIY Robotics Projects, Motor Sports
References
Available upon request."
Alice_Chen_CV.docx,"Dedicated Pharmacologist with a Ph.D. from Harvard University, specializing in the development of personalized medicine. Passionate about leveraging genetic insights to tailor drug therapies to individual patient needs, enhancing treatment efficacy and minimizing side effects.",,"Harvard University, Boston, MA, USA
Ph.D. in Pharmacology, September 2015 - May 2019
Dissertation: ""The Role of Genomic Data in Personalized Drug Development""
GPA: 4.0/4.0
Master of Science in Molecular Biology, September 2013 - May 2015
Thesis: ""Predictive Biomarkers in Oncology Treatments""
GPA: 3.9/4.0
Bachelor of Science in Biochemistry, September 2009 - May 2013
Focus: Drug Metabolism and Pharmacokinetics
GPA: 3.8/4.0","Lead Pharmacologist - MedInnovate Pharma, Boston, USA, June 2019 to Present
Headed the research team in the development of pharmacogenomic profiles for major therapeutic areas.
Implemented precision medicine approaches in clinical trials, significantly improving patient outcomes and reducing trial durations.
Research Associate - Boston BioLab, Boston, USA, June 2015 to May 2019
Contributed to research projects focused on identifying genetic markers for disease predisposition and drug responsiveness.
Co-authored several high-impact journal articles on molecular biology and its implications for personalized medicine.","Certified Clinical Pharmacologist (CCP)
Genome Data Analyst Certification","English (Native), Mandarin (Fluent)","Genomic Research, Medical Innovation, Running and Fitness
References
Available upon request."
Lucas_Silva_CV.docx,"Dedicated Marine Biologist with a Ph.D. from James Cook University, specializing in coral reef ecology and restoration. Committed to advancing coral conservation through innovative restoration techniques and community engagement.","Coral Propagation Techniques, Ecological Monitoring and Data Analysis, Public Speaking and Environmental Advocacy, Grant Writing and Fundraising","James Cook University, Cairns, Australia
Ph.D. in Marine Biology, February 2015 - November 2019
Dissertation: ""Enhancing Coral Resilience to Bleaching Events through Genetic and Environmental Interventions""
GPA: 6.8/7.0
Master of Science in Environmental Science, March 2012 - December 2014
Thesis: ""Assessing the Impact of Ocean Acidification on Coral Calcification Rates""
GPA: 6.5/7.0
Bachelor of Science in Biology, March 2008 - December 2011
Focus: Aquatic Ecosystems
GPA: 6.2/7.0","Marine Biologist - Great Barrier Reef Restoration Foundation, Cairns, Australia, December 2019 to Present
Lead several projects focused on coral propagation and transplantation to rehabilitate damaged reef areas.
Developed partnerships with local and international environmental organizations to promote sustainable marine practices.
Research Assistant - Marine Ecology Lab, James Cook University, Cairns, Australia, January 2013 to November 2019
Conducted field research and data collection on coral health and environmental stress factors.
Collaborated on the publication of several influential papers on marine biodiversity and conservation strategies.","Certified Scuba Diver
Advanced Marine First Aid","English (Native), Portuguese (Fluent)","Marine Conservation, Underwater Photography, Sailing
References
Available upon request."
Emma_Roberts_CV.docx,"Experienced Meteorologist with a Ph.D. from the University of Colorado Boulder, specializing in climate modeling and advanced weather prediction techniques. Committed to enhancing predictive models to better inform disaster preparedness and response strategies.","Climate Modeling, Advanced Statistical Analysis, Machine Learning in Weather Prediction, Public Communication, Data Visualization","References
Available upon request.","Climate Scientist - National Weather Service, Boulder, USA, June 2018 to Present
Lead a research team focusing on integrating AI with traditional forecasting models to enhance the precision of weather predictions.
Collaborate with federal agencies to develop strategies that utilize forecast data to mitigate impacts of extreme weather events.
Research Assistant - Climate Analysis Laboratory, University of Colorado Boulder, Boulder, USA, September 2012 to May 2018
Participated in multiple projects analyzing atmospheric data and modeling climate systems.
Helped pioneer the use of statistical methods to interpret large datasets and improve model simulations.","Certified Consulting Meteorologist (CCM)
Advanced Weather Forecaster Certification",English (Native),"Climatology Research, Hiking and Outdoor Activities, Community Science"
Olivia_Tan_CV.docx,"Skilled Linguist with a Ph.D. from the University of British Columbia, specializing in language preservation and documentation. Dedicated to the study and preservation of endangered","Language Documentation, Community Outreach and Engagement, Ethnographic Fieldwork, Digital Archiving Techniques, Grant Writing and Fundraising","al programs and resources that facilitate language learning and revival among younger generations.
Research Assistant - Linguistics Department, University of British Columbia, Vancouver, Canada, September 2012 to May 2019
Participated in extensive fieldwork, collecting linguistic data and conducting interviews with speakers of endangered","Language Preservation Specialist - First Voices Initiative, Vancouver, Canada, June 2019 to Present
Leads projects that involve direct engagement with indigenous communities to record, analyze, and archive native","Certified Language Documentarian
Digital Archive Management Certification","English (Native), Mandarin (Fluent), French (Intermediate)","Ethnolinguistics, Hiking and Eco-Tourism, Digital Humanities
References
Available upon request."
Brian_Thompson_CV.docx,"Accomplished Cybersecurity Specialist with comprehensive training and certification in network security, focusing on securing Internet of Things (IoT) devices. Dedicated to implementing robust security protocols to protect digital infrastructures in the era of smart technology.","IoT Device Security, Network Configuration and Defense, Incident Response, Vulnerability Assessment, Ethical Hacking, Communication and Problem Solving","Texas State Technical College, Austin, Texas, USA
Associate of Applied Science in Cybersecurity, August 2015 - May 2017
Specialization: Network Security
GPA: 3.8/4.0
Professional Development &","IoT Security Technician - SecureTech Solutions, Austin, USA, July 2017 to Present
Implemented and monitored security measures for IoT devices across multiple platforms.
Developed incident response strategies for IoT security breaches, reducing recovery time by 50%.
IT Support Technician - TechGear, Austin, USA, June 2015 to June 2017
Provided IT support and managed network configurations for small to medium-sized businesses.
Assisted in the deployment of network security measures to prevent potential cyber threats.","Certified Information Systems Security Professional (CISSP), 2018
Certified Ethical Hacker (CEH), 2017
CompTIA Security+, 2016",English (Native),"Cybersecurity Trends, DIY Electronics, Competitive Coding
References
Available upon request."
Sophie_Martinez_CV.docx,"Innovative Chemical Engineer with extensive experience in the renewable energy sector, focused on developing sustainable and efficient energy solutions. Dedicated to advancing green technology and reducing environmental impact through cutting-edge research and engineering practices.","Biofuel Production, Solar and Wind Energy Systems, Process Optimization, Project Management, Data Analysis and Simulation Software","Texas A&M University, College Station, TX, USA
Bachelor of Science in Chemical Engineering, August 2014 - May 2018
Focus: Renewable Energy Processes
GPA: 3.7/4.0","Renewable Energy Engineer - GreenTech Innovations, Houston, USA, June 2018 to Present
Led the development of a new biofuel production process that reduced production costs by 25% while increasing yield by 30%.
Collaborated with multidisciplinary teams to integrate solar thermal systems into existing industrial processes, enhancing energy efficiency.
Engineering Intern - EcoEnergy Solutions, Houston, USA, June 2017 to August 2017
Assisted in the research and development of photovoltaic materials designed to improve solar panel efficiency.
Participated in the optimization of wastewater treatment processes to generate renewable energy from bio-waste.","Certified Energy Engineer (CEE)
LEED Accredited Professional","English (Native), Spanish (Fluent)","Sustainable Technology Development, Environmental Advocacy, Rock Climbing
References
Available upon request."
Henry_Zhang_CV.docx,"Analytical Economist with a Master’s degree from the London School of Economics and Political Science, specializing in digital economics. Passionate about understanding and shaping the impact of digital currencies on global trade dynamics.","Economic Modeling and Forecasting, Data Analysis (Python, R), Digital Currency Market Analysis, Regulatory Impact Assessment, Effective Communication and Presentation","London School of Economics and Political Science (LSE), London, UK
Master of Science in Economics, September 2016 - June 2018
Dissertation: ""The Economic Implications of Digital Currencies on International Trade""
GPA: 4.0/4.0
Bachelor of Science in Economics, September 2012 - June 2016
Focus: Monetary Policy and International Trade
GPA: 3.8/4.0","Economic Analyst - Global Trade Insights, London, UK, July 2018 to Present
Conducted in-depth analysis on the effects of cryptocurrency adoption in developing markets.
Provided strategic recommendations to multinational corporations on leveraging blockchain technology for financial transactions.
Research Assistant - Monetary Policy Group, LSE, London, UK, September 2015 to May 2018
Assisted in research projects examining the correlation between digital currency regulation and market stability.
Co-authored papers with leading economists on digital currencies and their potential to disrupt traditional financial systems.","Certified Financial Analyst (CFA)
Blockchain and Cryptocurrency Certification","English (Native), Mandarin (Fluent)","Financial Technology Innovations, Global Economic Policy, Running and Fitness
References
Available upon request."
Natalie_Cooper_CV.docx,Dynamic Biomedical Engineer with a focus on the development and innovation of wearable health monitoring technologies. Committed to improving patient outcomes and quality of life through advanced biomedical solutions and real-time health tracking.,"Wearable Device Development, Patient Data Analysis, Prototype Design and Testing, Regulatory Compliance, Team Leadership and Collaboration","University of California, San Diego (UCSD), San Diego, CA, USA
Bachelor of Science in Biomedical Engineering, September 2014 - June 2018
Focus: Medical Device Design
GPA: 3.8/4.0","Biomedical Engineer - HealthTech Innovations, San Diego, USA, July 2018 to Present
Developed and optimized wearable devices that monitor cardiac and respiratory health, increasing data accuracy by 40%.
Collaborated with healthcare providers to integrate patient monitoring systems into routine clinical use.
Engineering Intern - MedDevices Startup, San Diego, USA, June 2016 to August 2017
Assisted in the research and development of a novel wearable device aimed at early detection of hypertensive conditions.
Participated in user testing sessions to gather feedback and refine device functionality.","Certified Biomedical Auditor (CBA)
Project Management Professional (PMP)",English (Native),"Healthcare Technology Trends, Marathon Running, Community Volunteer Work
References
Available upon request."
Ethan_Murphy_CV.docx,"Strategic Policy Analyst with a Master’s degree in Political Science from Georgetown University, specializing in technology policy. Dedicated to shaping public policy that governs the development and use of artificial intelligence in various sectors.","Policy Analysis and Development, Stakeholder Engagement, Ethical AI Frameworks, Legislative Process, Data Privacy and Security","Georgetown University, Washington D.C., USA
Master of Arts in Political Science, September 2016 - June 2018
Concentration: Technology and Public Policy
GPA: 3.9/4.0
Bachelor of Arts in International Relations, September 2012 - June 2016
Minor: Computer Science
GPA: 3.7/4.0","Policy Analyst - TechPolicy Institute, Washington D.C., USA, July 2018 to Present
Lead analyst in AI governance, working on policy frameworks that ensure ethical AI implementation.
Engaged with lawmakers, tech industry leaders, and academic experts to promote informed policy making.
Legislative Intern - U.S. Senate, Washington D.C., USA, January 2017 to August 2017
Supported a major initiative on cybersecurity policy, contributing to legislative drafts and position papers.
Assisted in organizing hearings and expert panels on technology impacts in national security.","Certified Information Privacy Professional (CIPP)
Data Protection Officer Certification",English (Native),"Technology Ethics, Public Speaking, Chess
References
Available upon request."
Jessica_Li_CV.docx,"Dedicated Historian with a Master’s degree in History from the University of Cambridge, specializing in digital archiving and the preservation of historical documents. Committed to integrating modern technology with traditional historical research to safeguard and make accessible our cultural heritage.","Digital Archiving Techniques, Historical Research and Analysis, Data Management Systems, Public Speaking and","al Outreach, Grant Writing and Fundraising","Digital Archivist - National History Museum, Cambridge, UK, August 2017 to Present
Developed and managed the digital archiving system for the museum’s extensive medieval manuscript collection.
Collaborated with IT specialists to implement data preservation systems that ensure long-term accessibility and integrity of historical data.
Research Assistant - Cambridge Historical Preservation Society, Cambridge, UK, September 2014 to July 2017
Assisted in the digitalization and cataloging of rare historical documents.
Engaged with public outreach programs to educate the community on the importance of preserving local history.","Certified Archivist (CA)
Digital Preservation Management","English (Native), Mandarin (Fluent)","Historical Reenactment, Antiquarian Book Collecting, Travel and Exploration
References
Available upon request."
Marco_Rossi_CV.docx,Innovative Urban Planner with extensive experience in designing and implementing smart city solutions to improve urban infrastructure and enhance quality of life. Committed to sustainable development and the integration of technology in urban environments.,"Smart City Infrastructure, Sustainable Urban Design, Stakeholder Engagement, GIS and Urban Data Analysis, Project Management","Politecnico di Milano, Milan, Italy
Master of Urban Planning, September 2015 - June 2017
Thesis: ""Smart Solutions for Sustainable Urban Development in European Cities""
GPA: 110/110
Bachelor of Architecture, September 2010 - June 2014
Focus: Sustainable Design
GPA: 108/110","Urban Development Consultant - CityTech Solutions, Milan, Italy, July 2017 to Present
Directed multiple urban renewal projects incorporating IoT solutions for traffic management and energy efficiency.
Collaborated with city officials and stakeholders to develop policies that support smart city initiatives.
Planning Intern - Milan Urban Development Agency, Milan, Italy, March 2015 to June 2017
Assisted in the planning and execution of the Milan Smart City program, focusing on green buildings and efficient public transport systems.
Participated in community planning meetings to gather input and communicate project impacts.","Certified Smart City Professional
LEED Accredited Professional","Italian (Native), English (Fluent)","Sustainable Development, Technological Innovations in Urban Planning, Photography
References
Available upon request."
Sarah_Nguyen_CV.docx,"Resourceful Robotics Engineer with a strong background in industrial automation, focusing on enhancing manufacturing processes through robotic solutions. Driven to increase efficiency and reduce costs through innovative engineering.","Robotic Programming and Operation, AI-driven Automation Solutions, System Integration and Process Optimization, Strong Analytical and Problem-Solving Abilities, Effective Team Leadership","Michigan Technological University, Houghton, MI, USA
Bachelor of Science in Robotics Engineering, August 2014 - May 2018
Focus: Automation and Control Systems
GPA: 3.6/4.0","Automation Engineer - RoboTech Manufacturing, Detroit, USA, June 2018 to Present
Designed and implemented robotic systems that improved production line efficiency by 35%.
Led a team to integrate AI algorithms that optimize machine operations with minimal human intervention.
Engineering Intern - Dynamic Automation, Detroit, USA, Summer 2017
Assisted in developing software for industrial robots used in automotive assembly lines.
Participated in the setup and troubleshooting of PLC systems and robotic controllers.","Certified Automation Professional (CAP)
Certified Robotics System Integrator (CRSI)","English (Native), Vietnamese (Fluent)","Technological Innovation, Machine Learning, Hiking and Outdoor Activities
References
Available upon request."
Liam_OBrien_CV.docx,Environmental Scientist with a passion for improving urban living through advanced air quality monitoring and environmental data analysis. Dedicated to developing solutions that reduce pollution and promote public health in metropolitan areas.,"Air Quality Monitoring, Environmental Impact Assessment, Statistical and Predictive Modeling, Public Health Policy Advisory, Advanced GIS Applications","Humboldt University of Berlin, Berlin, Germany
Master of Science in Environmental Science, October 2015 - July 2017
Thesis: ""Real-Time Air Quality Monitoring and Data Analytics for Urban Health Impact Assessment""
GPA: 1.2 (German scale, equivalent to A)
Bachelor of Science in Atmospheric Sciences, October 2011 - September 2015
Focus: Meteorology and Climatology
GPA: 1.5 (German scale, equivalent to A-)","Urban Environmental Analyst - CleanAir Berlin, Berlin, Germany, August 2017 to Present
Lead projects focused on the integration of IoT sensors into urban environments for real-time pollution tracking and analysis.
Collaborate with city planners and public health officials to design and implement policies based on data-driven insights.
Research Assistant - Institute for Climate Research, Berlin, Germany, March 2014 to June 2017
Conducted field studies measuring particulate matter and gaseous pollutants across different urban settings.
Developed a predictive model for air quality based on weather patterns and urban traffic data.","Certified Environmental Scientist (CES)
Data Analysis with Python and R","German (Native), English (Fluent)","Urban Gardening, Cycling, Volunteering with local clean-up initiatives
References
Available upon request."
Ava_Clarke_CV.docx,Innovative,"AR Content Development, Curriculum Design,","al Research, Software Development (Unity, C#)",,Certified,English (Native),"EdTech Innovations, Interactive Learning, Coding and Gaming"
Noah_James_CV.docx,Experienced Food Scientist focused on enhancing food safety and technology. Dedicated to developing innovative solutions to improve food preservation and reduce waste.,"Food Microbiology, Chemical Analysis, Quality Control, Product Development","University of California, Davis, Davis, CA, USA
Master of Science in Food Science, September 2015 - June 2017
Thesis: ""Innovative Techniques in Food Preservation""
GPA: 3.7/4.0
Bachelor of Science in Chemistry, September 2011 - June 2015
GPA: 3.6/4.0","Food Safety Analyst - FreshTech, San Francisco, USA, July 2017 to Present
Led a team that developed a new natural preservative that extended shelf life of packaged foods by 30%.
Implemented new microbial testing procedures to ensure product safety.","Certified Food Scientist (CFS)
Advanced Food Safety Certification",English (Native),"Sustainable Food Production, Culinary Arts, Fitness and Nutrition"
